id,name,class
0001_01,n000001,0
0002_01,n000001,0
0003_01,n000001,0
0004_01,n000001,0
0005_01,n000001,0
0006_01,n000001,0
0007_01,n000001,0
0008_01,n000001,0
0009_01,n000001,0
0010_01,n000001,0
0011_01,n000001,0
0012_01,n000001,0
0013_01,n000001,0
0014_01,n000001,0
0015_01,n000001,0
0016_01,n000001,0
0017_01,n000001,0
0018_01,n000001,0
0019_01,n000001,0
0020_01,n000001,0
0021_01,n000001,0
0022_01,n000001,0
0023_01,n000001,0
0024_01,n000001,0
0025_01,n000001,0
0026_02,n000001,0
0027_03,n000001,0
0028_01,n000001,0
0029_01,n000001,0
0030_01,n000001,0
0031_01,n000001,0
0032_01,n000001,0
0033_01,n000001,0
0034_02,n000001,0
0035_01,n000001,0
0036_01,n000001,0
0037_01,n000001,0
0038_01,n000001,0
0039_01,n000001,0
0040_01,n000001,0
0041_01,n000001,0
0042_01,n000001,0
0043_01,n000001,0
0044_01,n000001,0
0045_01,n000001,0
0046_01,n000001,0
0047_01,n000001,0
0048_01,n000001,0
0049_01,n000001,0
0050_02,n000001,0
0051_01,n000001,0
0052_01,n000001,0
0053_01,n000001,0
0054_01,n000001,0
0055_01,n000001,0
0056_01,n000001,0
0057_01,n000001,0
0058_01,n000001,0
0059_01,n000001,0
0060_01,n000001,0
0061_01,n000001,0
0062_01,n000001,0
0063_01,n000001,0
0064_01,n000001,0
0065_01,n000001,0
0066_01,n000001,0
0067_01,n000001,0
0068_01,n000001,0
0069_01,n000001,0
0070_01,n000001,0
0071_01,n000001,0
0072_01,n000001,0
0073_01,n000001,0
0074_01,n000001,0
0075_01,n000001,0
0076_01,n000001,0
0077_01,n000001,0
0078_01,n000001,0
0079_01,n000001,0
0080_01,n000001,0
0081_01,n000001,0
0082_01,n000001,0
0082_02,n000001,0
0083_01,n000001,0
0084_01,n000001,0
0085_01,n000001,0
0086_01,n000001,0
0087_01,n000001,0
0088_02,n000001,0
0089_01,n000001,0
0090_01,n000001,0
0091_01,n000001,0
0092_01,n000001,0
0093_01,n000001,0
0094_01,n000001,0
0095_01,n000001,0
0096_01,n000001,0
0097_01,n000001,0
0097_02,n000001,0
0097_03,n000001,0
0097_04,n000001,0
0097_05,n000001,0
0097_06,n000001,0
0097_07,n000001,0
0097_08,n000001,0
0097_09,n000001,0
0098_01,n000001,0
0099_01,n000001,0
0100_01,n000001,0
0101_01,n000001,0
0102_01,n000001,0
0103_01,n000001,0
0104_02,n000001,0
0105_01,n000001,0
0106_01,n000001,0
0107_01,n000001,0
0108_02,n000001,0
0109_03,n000001,0
0110_01,n000001,0
0111_01,n000001,0
0112_01,n000001,0
0113_01,n000001,0
0114_01,n000001,0
0115_01,n000001,0
0116_01,n000001,0
0117_01,n000001,0
0118_04,n000001,0
0119_01,n000001,0
0120_01,n000001,0
0121_01,n000001,0
0122_01,n000001,0
0123_01,n000001,0
0124_01,n000001,0
0125_01,n000001,0
0126_02,n000001,0
0127_01,n000001,0
0128_01,n000001,0
0129_01,n000001,0
0130_01,n000001,0
0131_01,n000001,0
0132_01,n000001,0
0133_01,n000001,0
0134_01,n000001,0
0135_02,n000001,0
0136_01,n000001,0
0137_01,n000001,0
0138_02,n000001,0
0139_01,n000001,0
0140_02,n000001,0
0141_01,n000001,0
0142_01,n000001,0
0143_01,n000001,0
0144_02,n000001,0
0145_01,n000001,0
0146_01,n000001,0
0147_01,n000001,0
0148_01,n000001,0
0149_01,n000001,0
0150_01,n000001,0
0151_01,n000001,0
0152_01,n000001,0
0153_01,n000001,0
0154_01,n000001,0
0155_01,n000001,0
0156_01,n000001,0
0157_02,n000001,0
0158_02,n000001,0
0159_01,n000001,0
0160_01,n000001,0
0162_06,n000001,0
0163_01,n000001,0
0164_01,n000001,0
0166_01,n000001,0
0167_01,n000001,0
0168_03,n000001,0
0169_01,n000001,0
0171_01,n000001,0
0172_07,n000001,0
0173_01,n000001,0
0174_02,n000001,0
0175_01,n000001,0
0176_01,n000001,0
0177_01,n000001,0
0178_01,n000001,0
0179_01,n000001,0
0180_01,n000001,0
0181_01,n000001,0
0182_01,n000001,0
0183_01,n000001,0
0184_06,n000001,0
0185_01,n000001,0
0186_03,n000001,0
0187_01,n000001,0
0188_01,n000001,0
0189_01,n000001,0
0190_01,n000001,0
0191_01,n000001,0
0192_01,n000001,0
0193_01,n000001,0
0194_01,n000001,0
0195_02,n000001,0
0196_01,n000001,0
0197_01,n000001,0
0198_01,n000001,0
0199_01,n000001,0
0200_01,n000001,0
0201_01,n000001,0
0202_01,n000001,0
0203_01,n000001,0
0204_01,n000001,0
0205_01,n000001,0
0206_01,n000001,0
0207_01,n000001,0
0208_01,n000001,0
0209_01,n000001,0
0211_01,n000001,0
0212_01,n000001,0
0213_01,n000001,0
0214_01,n000001,0
0215_01,n000001,0
0216_01,n000001,0
0217_02,n000001,0
0218_01,n000001,0
0219_01,n000001,0
0220_01,n000001,0
0221_01,n000001,0
0222_01,n000001,0
0223_01,n000001,0
0224_01,n000001,0
0225_01,n000001,0
0226_01,n000001,0
0227_01,n000001,0
0228_01,n000001,0
0229_01,n000001,0
0230_01,n000001,0
0231_01,n000001,0
0233_01,n000001,0
0234_01,n000001,0
0235_01,n000001,0
0236_01,n000001,0
0237_01,n000001,0
0238_01,n000001,0
0239_01,n000001,0
0240_01,n000001,0
0241_01,n000001,0
0242_01,n000001,0
0243_02,n000001,0
0244_01,n000001,0
0245_04,n000001,0
0246_01,n000001,0
0248_01,n000001,0
0249_01,n000001,0
0250_01,n000001,0
0251_01,n000001,0
0252_01,n000001,0
0253_01,n000001,0
0254_01,n000001,0
0255_01,n000001,0
0256_01,n000001,0
0257_01,n000001,0
0258_01,n000001,0
0259_01,n000001,0
0260_01,n000001,0
0261_01,n000001,0
0262_01,n000001,0
0263_02,n000001,0
0264_01,n000001,0
0265_01,n000001,0
0266_01,n000001,0
0267_01,n000001,0
0268_01,n000001,0
0269_01,n000001,0
0270_01,n000001,0
0271_01,n000001,0
0272_01,n000001,0
0273_01,n000001,0
0274_01,n000001,0
0275_01,n000001,0
0276_01,n000001,0
0277_01,n000001,0
0278_02,n000001,0
0279_01,n000001,0
0280_01,n000001,0
0281_01,n000001,0
0282_03,n000001,0
0283_01,n000001,0
0284_01,n000001,0
0285_01,n000001,0
0286_01,n000001,0
0287_01,n000001,0
0288_01,n000001,0
0289_01,n000001,0
0290_01,n000001,0
0291_02,n000001,0
0293_01,n000001,0
0294_01,n000001,0
0295_01,n000001,0
0296_01,n000001,0
0297_02,n000001,0
0298_01,n000001,0
0299_01,n000001,0
0300_01,n000001,0
0301_01,n000001,0
0302_03,n000001,0
0303_02,n000001,0
0305_01,n000001,0
0306_01,n000001,0
0307_01,n000001,0
0308_01,n000001,0
0309_01,n000001,0
0310_01,n000001,0
0311_01,n000001,0
0312_01,n000001,0
0313_01,n000001,0
0314_01,n000001,0
0315_01,n000001,0
0316_02,n000001,0
0317_01,n000001,0
0318_01,n000001,0
0319_01,n000001,0
0320_01,n000001,0
0321_01,n000001,0
0322_02,n000001,0
0323_01,n000001,0
0325_01,n000001,0
0327_01,n000001,0
0328_01,n000001,0
0329_01,n000001,0
0330_01,n000001,0
0331_01,n000001,0
0332_01,n000001,0
0333_01,n000001,0
0334_01,n000001,0
0337_01,n000001,0
0338_01,n000001,0
0339_01,n000001,0
0340_01,n000001,0
0341_04,n000001,0
0344_01,n000001,0
0345_01,n000001,0
0346_01,n000001,0
0349_01,n000001,0
0350_01,n000001,0
0351_01,n000001,0
0354_02,n000001,0
0355_01,n000001,0
0356_01,n000001,0
0358_01,n000001,0
0360_01,n000001,0
0362_03,n000001,0
0363_01,n000001,0
0365_01,n000001,0
0366_01,n000001,0
0367_01,n000001,0
0368_01,n000001,0
0369_01,n000001,0
0373_02,n000001,0
0375_01,n000001,0
0376_01,n000001,0
0379_01,n000001,0
0380_01,n000001,0
0382_03,n000001,0
0383_01,n000001,0
0384_01,n000001,0
0386_01,n000001,0
0389_01,n000001,0
0390_01,n000001,0
0390_02,n000001,0
0391_01,n000001,0
0393_01,n000001,0
0394_01,n000001,0
0395_01,n000001,0
0395_02,n000001,0
0403_01,n000001,0
0406_02,n000001,0
0407_01,n000001,0
0412_01,n000001,0
0413_01,n000001,0
0414_01,n000001,0
0415_01,n000001,0
0417_02,n000001,0
0418_01,n000001,0
0419_01,n000001,0
0420_03,n000001,0
0421_01,n000001,0
0422_05,n000001,0
0424_01,n000001,0
0425_01,n000001,0
0427_01,n000001,0
0428_01,n000001,0
0429_01,n000001,0
0431_04,n000001,0
0433_01,n000001,0
0434_02,n000001,0
0436_01,n000001,0
0437_01,n000001,0
0438_02,n000001,0
0440_01,n000001,0
0443_01,n000001,0
0444_02,n000001,0
0446_01,n000001,0
0448_01,n000001,0
0449_02,n000001,0
0449_03,n000001,0
0449_10,n000001,0
0450_02,n000001,0
0451_01,n000001,0
0454_01,n000001,0
0456_02,n000001,0
0457_01,n000001,0
0458_01,n000001,0
0460_01,n000001,0
0461_01,n000001,0
0461_02,n000001,0
0464_01,n000001,0
0466_02,n000001,0
0467_01,n000001,0
0469_01,n000001,0
0472_01,n000001,0
0472_02,n000001,0
0473_02,n000001,0
0476_02,n000001,0
0481_01,n000001,0
0485_02,n000001,0
0001_01,n000009,1
0003_01,n000009,1
0004_01,n000009,1
0005_01,n000009,1
0006_01,n000009,1
0008_01,n000009,1
0009_01,n000009,1
0010_01,n000009,1
0011_01,n000009,1
0012_01,n000009,1
0013_01,n000009,1
0014_01,n000009,1
0015_01,n000009,1
0016_01,n000009,1
0017_01,n000009,1
0019_01,n000009,1
0020_01,n000009,1
0021_01,n000009,1
0022_01,n000009,1
0023_01,n000009,1
0023_03,n000009,1
0025_01,n000009,1
0027_01,n000009,1
0028_02,n000009,1
0030_02,n000009,1
0032_01,n000009,1
0034_01,n000009,1
0035_01,n000009,1
0038_01,n000009,1
0039_01,n000009,1
0040_01,n000009,1
0043_01,n000009,1
0044_01,n000009,1
0045_01,n000009,1
0046_01,n000009,1
0049_01,n000009,1
0053_01,n000009,1
0054_01,n000009,1
0056_01,n000009,1
0057_02,n000009,1
0059_01,n000009,1
0063_01,n000009,1
0068_01,n000009,1
0070_02,n000009,1
0072_01,n000009,1
0073_01,n000009,1
0077_01,n000009,1
0079_01,n000009,1
0080_02,n000009,1
0081_01,n000009,1
0082_01,n000009,1
0083_01,n000009,1
0084_07,n000009,1
0087_01,n000009,1
0088_01,n000009,1
0089_01,n000009,1
0093_01,n000009,1
0096_01,n000009,1
0097_01,n000009,1
0099_01,n000009,1
0102_01,n000009,1
0103_01,n000009,1
0104_01,n000009,1
0105_01,n000009,1
0106_01,n000009,1
0107_01,n000009,1
0108_01,n000009,1
0109_01,n000009,1
0110_01,n000009,1
0112_02,n000009,1
0115_01,n000009,1
0119_01,n000009,1
0120_01,n000009,1
0121_01,n000009,1
0122_01,n000009,1
0122_02,n000009,1
0125_01,n000009,1
0128_01,n000009,1
0129_02,n000009,1
0131_01,n000009,1
0133_01,n000009,1
0133_02,n000009,1
0135_01,n000009,1
0139_01,n000009,1
0142_01,n000009,1
0143_01,n000009,1
0145_02,n000009,1
0157_02,n000009,1
0159_01,n000009,1
0160_01,n000009,1
0161_01,n000009,1
0166_01,n000009,1
0166_02,n000009,1
0167_01,n000009,1
0171_01,n000009,1
0172_01,n000009,1
0173_01,n000009,1
0175_01,n000009,1
0180_01,n000009,1
0183_01,n000009,1
0188_01,n000009,1
0194_01,n000009,1
0195_01,n000009,1
0202_01,n000009,1
0205_01,n000009,1
0206_01,n000009,1
0207_01,n000009,1
0208_01,n000009,1
0210_01,n000009,1
0211_01,n000009,1
0211_02,n000009,1
0212_01,n000009,1
0216_01,n000009,1
0220_01,n000009,1
0220_02,n000009,1
0221_01,n000009,1
0225_01,n000009,1
0230_01,n000009,1
0232_01,n000009,1
0237_01,n000009,1
0239_01,n000009,1
0242_01,n000009,1
0243_01,n000009,1
0244_01,n000009,1
0246_01,n000009,1
0248_01,n000009,1
0254_01,n000009,1
0258_01,n000009,1
0269_01,n000009,1
0273_01,n000009,1
0289_01,n000009,1
0310_01,n000009,1
0348_01,n000009,1
0349_01,n000009,1
0354_03,n000009,1
0356_06,n000009,1
0001_01,n000029,2
0002_01,n000029,2
0003_01,n000029,2
0004_01,n000029,2
0005_01,n000029,2
0006_01,n000029,2
0007_02,n000029,2
0008_05,n000029,2
0009_01,n000029,2
0010_01,n000029,2
0011_01,n000029,2
0012_01,n000029,2
0013_01,n000029,2
0014_01,n000029,2
0015_01,n000029,2
0016_01,n000029,2
0017_01,n000029,2
0018_01,n000029,2
0019_01,n000029,2
0020_01,n000029,2
0021_01,n000029,2
0022_01,n000029,2
0023_01,n000029,2
0024_01,n000029,2
0025_01,n000029,2
0026_01,n000029,2
0027_01,n000029,2
0028_01,n000029,2
0029_02,n000029,2
0030_01,n000029,2
0031_01,n000029,2
0032_03,n000029,2
0033_01,n000029,2
0034_01,n000029,2
0035_01,n000029,2
0036_01,n000029,2
0037_01,n000029,2
0038_01,n000029,2
0039_03,n000029,2
0040_01,n000029,2
0041_01,n000029,2
0042_01,n000029,2
0043_01,n000029,2
0044_01,n000029,2
0045_01,n000029,2
0046_02,n000029,2
0047_01,n000029,2
0048_01,n000029,2
0049_01,n000029,2
0050_01,n000029,2
0051_01,n000029,2
0052_03,n000029,2
0053_01,n000029,2
0054_01,n000029,2
0055_01,n000029,2
0056_01,n000029,2
0057_01,n000029,2
0058_01,n000029,2
0059_03,n000029,2
0060_01,n000029,2
0061_01,n000029,2
0062_03,n000029,2
0063_01,n000029,2
0064_01,n000029,2
0065_01,n000029,2
0066_02,n000029,2
0067_01,n000029,2
0068_01,n000029,2
0069_02,n000029,2
0070_01,n000029,2
0071_01,n000029,2
0072_01,n000029,2
0073_01,n000029,2
0074_01,n000029,2
0075_02,n000029,2
0076_01,n000029,2
0077_01,n000029,2
0078_02,n000029,2
0079_01,n000029,2
0080_01,n000029,2
0081_02,n000029,2
0082_02,n000029,2
0083_01,n000029,2
0084_02,n000029,2
0085_01,n000029,2
0086_03,n000029,2
0087_01,n000029,2
0088_01,n000029,2
0089_02,n000029,2
0090_03,n000029,2
0091_02,n000029,2
0092_02,n000029,2
0093_11,n000029,2
0094_01,n000029,2
0095_01,n000029,2
0096_01,n000029,2
0097_01,n000029,2
0098_01,n000029,2
0099_01,n000029,2
0100_01,n000029,2
0101_02,n000029,2
0102_02,n000029,2
0103_02,n000029,2
0104_01,n000029,2
0105_04,n000029,2
0106_01,n000029,2
0107_01,n000029,2
0108_01,n000029,2
0109_01,n000029,2
0110_01,n000029,2
0111_01,n000029,2
0112_01,n000029,2
0113_01,n000029,2
0114_02,n000029,2
0115_02,n000029,2
0116_01,n000029,2
0117_01,n000029,2
0118_02,n000029,2
0119_01,n000029,2
0120_01,n000029,2
0121_01,n000029,2
0122_01,n000029,2
0123_01,n000029,2
0124_01,n000029,2
0125_01,n000029,2
0126_01,n000029,2
0127_02,n000029,2
0128_02,n000029,2
0129_01,n000029,2
0130_01,n000029,2
0131_01,n000029,2
0132_01,n000029,2
0133_01,n000029,2
0134_01,n000029,2
0135_01,n000029,2
0136_01,n000029,2
0137_01,n000029,2
0138_01,n000029,2
0139_01,n000029,2
0140_01,n000029,2
0141_01,n000029,2
0142_01,n000029,2
0143_02,n000029,2
0144_01,n000029,2
0145_01,n000029,2
0146_01,n000029,2
0148_02,n000029,2
0149_01,n000029,2
0150_01,n000029,2
0151_01,n000029,2
0152_04,n000029,2
0153_01,n000029,2
0154_01,n000029,2
0155_01,n000029,2
0156_01,n000029,2
0157_01,n000029,2
0158_02,n000029,2
0159_01,n000029,2
0160_01,n000029,2
0161_01,n000029,2
0162_04,n000029,2
0163_01,n000029,2
0164_01,n000029,2
0165_01,n000029,2
0166_02,n000029,2
0167_01,n000029,2
0168_01,n000029,2
0169_01,n000029,2
0170_01,n000029,2
0171_04,n000029,2
0172_02,n000029,2
0173_01,n000029,2
0174_02,n000029,2
0175_01,n000029,2
0176_01,n000029,2
0177_01,n000029,2
0178_01,n000029,2
0179_02,n000029,2
0180_01,n000029,2
0181_01,n000029,2
0182_01,n000029,2
0183_02,n000029,2
0184_01,n000029,2
0186_01,n000029,2
0188_01,n000029,2
0189_01,n000029,2
0190_22,n000029,2
0191_02,n000029,2
0192_03,n000029,2
0193_01,n000029,2
0194_03,n000029,2
0195_01,n000029,2
0196_01,n000029,2
0197_01,n000029,2
0197_04,n000029,2
0198_03,n000029,2
0199_01,n000029,2
0200_02,n000029,2
0201_01,n000029,2
0202_02,n000029,2
0203_01,n000029,2
0204_01,n000029,2
0205_02,n000029,2
0206_01,n000029,2
0207_05,n000029,2
0208_01,n000029,2
0209_01,n000029,2
0210_01,n000029,2
0211_01,n000029,2
0212_03,n000029,2
0213_01,n000029,2
0214_02,n000029,2
0215_01,n000029,2
0216_01,n000029,2
0217_01,n000029,2
0218_01,n000029,2
0219_01,n000029,2
0220_03,n000029,2
0221_01,n000029,2
0222_01,n000029,2
0223_01,n000029,2
0224_02,n000029,2
0225_02,n000029,2
0226_01,n000029,2
0227_02,n000029,2
0228_01,n000029,2
0229_12,n000029,2
0229_15,n000029,2
0230_01,n000029,2
0231_02,n000029,2
0232_01,n000029,2
0233_01,n000029,2
0234_01,n000029,2
0235_01,n000029,2
0236_01,n000029,2
0237_01,n000029,2
0238_01,n000029,2
0239_01,n000029,2
0240_03,n000029,2
0241_01,n000029,2
0242_02,n000029,2
0243_02,n000029,2
0244_01,n000029,2
0245_02,n000029,2
0246_01,n000029,2
0247_01,n000029,2
0249_01,n000029,2
0250_01,n000029,2
0251_02,n000029,2
0252_01,n000029,2
0253_01,n000029,2
0254_02,n000029,2
0255_01,n000029,2
0256_01,n000029,2
0257_03,n000029,2
0258_01,n000029,2
0259_01,n000029,2
0260_01,n000029,2
0261_02,n000029,2
0262_01,n000029,2
0263_02,n000029,2
0264_01,n000029,2
0265_01,n000029,2
0266_01,n000029,2
0267_01,n000029,2
0267_02,n000029,2
0268_04,n000029,2
0269_01,n000029,2
0270_01,n000029,2
0271_02,n000029,2
0272_01,n000029,2
0273_01,n000029,2
0274_01,n000029,2
0275_02,n000029,2
0276_01,n000029,2
0277_01,n000029,2
0278_01,n000029,2
0279_02,n000029,2
0280_01,n000029,2
0281_01,n000029,2
0283_01,n000029,2
0284_01,n000029,2
0285_02,n000029,2
0286_01,n000029,2
0287_02,n000029,2
0288_01,n000029,2
0289_01,n000029,2
0290_01,n000029,2
0292_01,n000029,2
0293_01,n000029,2
0294_06,n000029,2
0295_01,n000029,2
0296_01,n000029,2
0297_01,n000029,2
0298_01,n000029,2
0299_01,n000029,2
0300_01,n000029,2
0300_02,n000029,2
0302_01,n000029,2
0303_01,n000029,2
0304_01,n000029,2
0305_05,n000029,2
0306_01,n000029,2
0307_04,n000029,2
0308_01,n000029,2
0309_03,n000029,2
0310_01,n000029,2
0311_02,n000029,2
0312_02,n000029,2
0313_01,n000029,2
0314_01,n000029,2
0315_02,n000029,2
0316_02,n000029,2
0317_02,n000029,2
0317_07,n000029,2
0318_05,n000029,2
0319_01,n000029,2
0320_01,n000029,2
0321_01,n000029,2
0322_01,n000029,2
0323_01,n000029,2
0324_01,n000029,2
0325_01,n000029,2
0326_05,n000029,2
0327_01,n000029,2
0328_01,n000029,2
0328_03,n000029,2
0329_02,n000029,2
0330_02,n000029,2
0333_02,n000029,2
0334_02,n000029,2
0335_05,n000029,2
0336_03,n000029,2
0337_01,n000029,2
0338_01,n000029,2
0339_02,n000029,2
0340_01,n000029,2
0341_02,n000029,2
0342_02,n000029,2
0343_01,n000029,2
0344_02,n000029,2
0345_01,n000029,2
0346_01,n000029,2
0347_01,n000029,2
0348_02,n000029,2
0349_01,n000029,2
0350_01,n000029,2
0351_04,n000029,2
0352_01,n000029,2
0353_01,n000029,2
0355_01,n000029,2
0357_01,n000029,2
0358_01,n000029,2
0359_04,n000029,2
0360_01,n000029,2
0361_01,n000029,2
0362_03,n000029,2
0363_02,n000029,2
0364_01,n000029,2
0364_02,n000029,2
0365_01,n000029,2
0366_02,n000029,2
0368_01,n000029,2
0369_01,n000029,2
0370_01,n000029,2
0371_01,n000029,2
0372_02,n000029,2
0374_01,n000029,2
0375_03,n000029,2
0377_03,n000029,2
0378_01,n000029,2
0379_01,n000029,2
0381_01,n000029,2
0383_01,n000029,2
0384_03,n000029,2
0385_02,n000029,2
0386_01,n000029,2
0387_02,n000029,2
0388_01,n000029,2
0389_03,n000029,2
0390_01,n000029,2
0391_01,n000029,2
0393_02,n000029,2
0394_01,n000029,2
0397_02,n000029,2
0398_01,n000029,2
0399_05,n000029,2
0400_02,n000029,2
0402_04,n000029,2
0403_01,n000029,2
0405_09,n000029,2
0405_10,n000029,2
0405_12,n000029,2
0405_17,n000029,2
0406_01,n000029,2
0407_02,n000029,2
0408_02,n000029,2
0411_01,n000029,2
0413_01,n000029,2
0414_03,n000029,2
0415_01,n000029,2
0417_01,n000029,2
0418_01,n000029,2
0419_01,n000029,2
0422_01,n000029,2
0423_01,n000029,2
0427_02,n000029,2
0435_02,n000029,2
0436_04,n000029,2
0439_02,n000029,2
0440_01,n000029,2
0443_01,n000029,2
0444_01,n000029,2
0445_01,n000029,2
0447_01,n000029,2
0450_01,n000029,2
0452_01,n000029,2
0453_01,n000029,2
0455_04,n000029,2
0458_01,n000029,2
0459_01,n000029,2
0461_01,n000029,2
0462_01,n000029,2
0463_01,n000029,2
0464_02,n000029,2
0465_01,n000029,2
0467_01,n000029,2
0469_01,n000029,2
0470_01,n000029,2
0472_01,n000029,2
0473_02,n000029,2
0474_01,n000029,2
0475_02,n000029,2
0476_01,n000029,2
0477_01,n000029,2
0479_01,n000029,2
0481_01,n000029,2
0482_01,n000029,2
0483_01,n000029,2
0484_01,n000029,2
0485_02,n000029,2
0486_01,n000029,2
0489_03,n000029,2
0491_01,n000029,2
0492_01,n000029,2
0493_01,n000029,2
0494_02,n000029,2
0495_01,n000029,2
0496_01,n000029,2
0497_01,n000029,2
0498_05,n000029,2
0499_01,n000029,2
0500_02,n000029,2
0505_02,n000029,2
0001_01,n000040,3
0002_01,n000040,3
0003_01,n000040,3
0004_01,n000040,3
0005_01,n000040,3
0006_01,n000040,3
0007_01,n000040,3
0008_01,n000040,3
0009_01,n000040,3
0010_01,n000040,3
0011_01,n000040,3
0012_01,n000040,3
0013_01,n000040,3
0014_01,n000040,3
0015_01,n000040,3
0016_01,n000040,3
0017_01,n000040,3
0018_01,n000040,3
0019_01,n000040,3
0020_06,n000040,3
0021_01,n000040,3
0022_02,n000040,3
0023_01,n000040,3
0024_01,n000040,3
0025_01,n000040,3
0026_01,n000040,3
0027_01,n000040,3
0028_02,n000040,3
0029_01,n000040,3
0030_02,n000040,3
0031_03,n000040,3
0032_02,n000040,3
0034_02,n000040,3
0035_01,n000040,3
0036_01,n000040,3
0037_01,n000040,3
0038_01,n000040,3
0039_01,n000040,3
0040_01,n000040,3
0041_01,n000040,3
0043_03,n000040,3
0044_01,n000040,3
0045_02,n000040,3
0046_01,n000040,3
0047_01,n000040,3
0049_01,n000040,3
0050_01,n000040,3
0052_01,n000040,3
0053_01,n000040,3
0054_01,n000040,3
0055_01,n000040,3
0056_01,n000040,3
0061_01,n000040,3
0062_02,n000040,3
0064_01,n000040,3
0065_01,n000040,3
0067_04,n000040,3
0068_01,n000040,3
0069_04,n000040,3
0070_01,n000040,3
0071_04,n000040,3
0073_05,n000040,3
0076_03,n000040,3
0077_01,n000040,3
0078_01,n000040,3
0079_01,n000040,3
0080_01,n000040,3
0082_01,n000040,3
0086_03,n000040,3
0087_01,n000040,3
0088_01,n000040,3
0089_05,n000040,3
0090_01,n000040,3
0091_01,n000040,3
0091_03,n000040,3
0092_01,n000040,3
0093_01,n000040,3
0094_01,n000040,3
0097_01,n000040,3
0100_01,n000040,3
0101_01,n000040,3
0104_01,n000040,3
0105_02,n000040,3
0106_01,n000040,3
0107_01,n000040,3
0108_02,n000040,3
0109_01,n000040,3
0111_01,n000040,3
0114_03,n000040,3
0114_04,n000040,3
0114_05,n000040,3
0114_06,n000040,3
0114_07,n000040,3
0115_01,n000040,3
0118_01,n000040,3
0119_01,n000040,3
0121_01,n000040,3
0121_02,n000040,3
0122_01,n000040,3
0124_01,n000040,3
0125_01,n000040,3
0126_01,n000040,3
0128_02,n000040,3
0129_01,n000040,3
0130_01,n000040,3
0131_01,n000040,3
0133_01,n000040,3
0134_01,n000040,3
0136_01,n000040,3
0137_01,n000040,3
0140_01,n000040,3
0143_01,n000040,3
0146_03,n000040,3
0148_02,n000040,3
0149_01,n000040,3
0150_01,n000040,3
0151_02,n000040,3
0152_02,n000040,3
0153_01,n000040,3
0155_02,n000040,3
0156_04,n000040,3
0157_02,n000040,3
0157_03,n000040,3
0158_01,n000040,3
0159_01,n000040,3
0160_02,n000040,3
0161_02,n000040,3
0162_01,n000040,3
0163_02,n000040,3
0165_01,n000040,3
0167_02,n000040,3
0168_01,n000040,3
0170_01,n000040,3
0173_01,n000040,3
0174_01,n000040,3
0175_03,n000040,3
0176_02,n000040,3
0177_01,n000040,3
0178_02,n000040,3
0179_02,n000040,3
0180_01,n000040,3
0181_02,n000040,3
0182_01,n000040,3
0183_01,n000040,3
0184_01,n000040,3
0185_01,n000040,3
0187_01,n000040,3
0188_01,n000040,3
0190_01,n000040,3
0193_01,n000040,3
0194_01,n000040,3
0195_04,n000040,3
0197_01,n000040,3
0202_01,n000040,3
0207_01,n000040,3
0212_01,n000040,3
0217_01,n000040,3
0218_01,n000040,3
0222_01,n000040,3
0233_01,n000040,3
0235_01,n000040,3
0240_01,n000040,3
0244_01,n000040,3
0244_03,n000040,3
0250_02,n000040,3
0252_01,n000040,3
0252_03,n000040,3
0255_01,n000040,3
0257_01,n000040,3
0277_01,n000040,3
0280_07,n000040,3
0283_01,n000040,3
0308_02,n000040,3
0311_02,n000040,3
0323_04,n000040,3
0353_01,n000040,3
0383_01,n000040,3
0384_01,n000040,3
0386_01,n000040,3
0389_01,n000040,3
0002_02,n000078,4
0003_01,n000078,4
0004_01,n000078,4
0005_01,n000078,4
0006_03,n000078,4
0008_01,n000078,4
0009_01,n000078,4
0010_01,n000078,4
0011_01,n000078,4
0012_03,n000078,4
0013_01,n000078,4
0014_01,n000078,4
0015_01,n000078,4
0018_02,n000078,4
0019_02,n000078,4
0020_01,n000078,4
0021_01,n000078,4
0022_01,n000078,4
0023_01,n000078,4
0024_01,n000078,4
0025_01,n000078,4
0026_01,n000078,4
0027_01,n000078,4
0028_02,n000078,4
0029_01,n000078,4
0030_01,n000078,4
0031_01,n000078,4
0032_02,n000078,4
0033_03,n000078,4
0034_03,n000078,4
0035_02,n000078,4
0036_02,n000078,4
0037_01,n000078,4
0038_02,n000078,4
0039_02,n000078,4
0040_01,n000078,4
0041_01,n000078,4
0042_01,n000078,4
0043_01,n000078,4
0044_02,n000078,4
0045_01,n000078,4
0046_01,n000078,4
0047_01,n000078,4
0048_02,n000078,4
0049_01,n000078,4
0050_01,n000078,4
0051_01,n000078,4
0052_01,n000078,4
0053_02,n000078,4
0054_01,n000078,4
0056_03,n000078,4
0057_01,n000078,4
0058_01,n000078,4
0059_01,n000078,4
0060_01,n000078,4
0062_01,n000078,4
0063_01,n000078,4
0064_01,n000078,4
0065_02,n000078,4
0066_01,n000078,4
0067_01,n000078,4
0068_01,n000078,4
0069_02,n000078,4
0070_01,n000078,4
0071_05,n000078,4
0072_01,n000078,4
0073_02,n000078,4
0074_01,n000078,4
0075_01,n000078,4
0076_01,n000078,4
0077_03,n000078,4
0078_01,n000078,4
0079_01,n000078,4
0080_01,n000078,4
0081_01,n000078,4
0082_01,n000078,4
0083_02,n000078,4
0084_01,n000078,4
0085_01,n000078,4
0086_02,n000078,4
0087_01,n000078,4
0088_01,n000078,4
0089_02,n000078,4
0090_01,n000078,4
0091_02,n000078,4
0093_04,n000078,4
0094_01,n000078,4
0095_01,n000078,4
0096_01,n000078,4
0097_04,n000078,4
0098_02,n000078,4
0099_02,n000078,4
0100_01,n000078,4
0101_01,n000078,4
0102_01,n000078,4
0103_01,n000078,4
0104_01,n000078,4
0106_01,n000078,4
0107_01,n000078,4
0108_01,n000078,4
0109_05,n000078,4
0110_03,n000078,4
0111_01,n000078,4
0112_01,n000078,4
0113_04,n000078,4
0114_01,n000078,4
0115_01,n000078,4
0116_01,n000078,4
0117_01,n000078,4
0118_01,n000078,4
0119_01,n000078,4
0120_01,n000078,4
0121_02,n000078,4
0122_01,n000078,4
0122_02,n000078,4
0123_02,n000078,4
0124_01,n000078,4
0125_01,n000078,4
0125_04,n000078,4
0126_01,n000078,4
0127_02,n000078,4
0128_02,n000078,4
0129_02,n000078,4
0130_04,n000078,4
0131_01,n000078,4
0132_01,n000078,4
0133_01,n000078,4
0134_02,n000078,4
0135_04,n000078,4
0136_01,n000078,4
0137_03,n000078,4
0138_01,n000078,4
0140_01,n000078,4
0141_02,n000078,4
0142_02,n000078,4
0143_02,n000078,4
0144_01,n000078,4
0145_01,n000078,4
0146_01,n000078,4
0147_01,n000078,4
0148_01,n000078,4
0149_01,n000078,4
0150_02,n000078,4
0151_02,n000078,4
0152_01,n000078,4
0153_02,n000078,4
0153_03,n000078,4
0154_01,n000078,4
0155_01,n000078,4
0156_01,n000078,4
0156_02,n000078,4
0157_01,n000078,4
0158_01,n000078,4
0159_01,n000078,4
0160_01,n000078,4
0161_02,n000078,4
0162_01,n000078,4
0163_01,n000078,4
0164_02,n000078,4
0165_01,n000078,4
0165_03,n000078,4
0166_03,n000078,4
0167_01,n000078,4
0169_02,n000078,4
0170_01,n000078,4
0171_01,n000078,4
0172_01,n000078,4
0173_01,n000078,4
0174_01,n000078,4
0175_02,n000078,4
0176_01,n000078,4
0178_01,n000078,4
0180_02,n000078,4
0181_01,n000078,4
0182_01,n000078,4
0183_01,n000078,4
0185_01,n000078,4
0186_01,n000078,4
0187_02,n000078,4
0188_02,n000078,4
0188_03,n000078,4
0189_01,n000078,4
0190_02,n000078,4
0191_01,n000078,4
0192_03,n000078,4
0193_01,n000078,4
0194_01,n000078,4
0195_01,n000078,4
0196_02,n000078,4
0197_01,n000078,4
0198_01,n000078,4
0199_02,n000078,4
0200_02,n000078,4
0201_01,n000078,4
0202_01,n000078,4
0203_01,n000078,4
0205_01,n000078,4
0206_01,n000078,4
0207_01,n000078,4
0208_01,n000078,4
0209_01,n000078,4
0210_01,n000078,4
0211_01,n000078,4
0212_01,n000078,4
0213_01,n000078,4
0215_01,n000078,4
0216_01,n000078,4
0217_02,n000078,4
0218_01,n000078,4
0219_01,n000078,4
0220_13,n000078,4
0221_01,n000078,4
0222_02,n000078,4
0223_01,n000078,4
0224_01,n000078,4
0225_01,n000078,4
0226_01,n000078,4
0227_03,n000078,4
0228_01,n000078,4
0229_01,n000078,4
0230_01,n000078,4
0231_01,n000078,4
0232_02,n000078,4
0233_01,n000078,4
0234_01,n000078,4
0235_02,n000078,4
0236_02,n000078,4
0238_01,n000078,4
0239_02,n000078,4
0240_02,n000078,4
0241_01,n000078,4
0242_01,n000078,4
0243_01,n000078,4
0244_01,n000078,4
0245_01,n000078,4
0246_02,n000078,4
0247_01,n000078,4
0248_01,n000078,4
0249_01,n000078,4
0250_02,n000078,4
0251_01,n000078,4
0252_01,n000078,4
0253_01,n000078,4
0254_01,n000078,4
0255_01,n000078,4
0256_01,n000078,4
0257_02,n000078,4
0258_01,n000078,4
0259_01,n000078,4
0260_01,n000078,4
0261_03,n000078,4
0262_01,n000078,4
0263_02,n000078,4
0264_01,n000078,4
0265_01,n000078,4
0266_01,n000078,4
0267_01,n000078,4
0267_02,n000078,4
0268_04,n000078,4
0269_01,n000078,4
0270_04,n000078,4
0271_01,n000078,4
0272_01,n000078,4
0273_01,n000078,4
0274_01,n000078,4
0275_01,n000078,4
0276_01,n000078,4
0277_02,n000078,4
0278_01,n000078,4
0279_01,n000078,4
0280_02,n000078,4
0281_01,n000078,4
0282_01,n000078,4
0283_01,n000078,4
0284_01,n000078,4
0285_02,n000078,4
0286_01,n000078,4
0287_02,n000078,4
0288_01,n000078,4
0289_01,n000078,4
0290_01,n000078,4
0291_01,n000078,4
0292_01,n000078,4
0293_02,n000078,4
0294_02,n000078,4
0295_02,n000078,4
0296_04,n000078,4
0297_02,n000078,4
0299_02,n000078,4
0300_01,n000078,4
0301_05,n000078,4
0302_02,n000078,4
0303_01,n000078,4
0304_05,n000078,4
0305_01,n000078,4
0306_01,n000078,4
0308_04,n000078,4
0309_01,n000078,4
0310_01,n000078,4
0311_01,n000078,4
0312_01,n000078,4
0313_04,n000078,4
0314_01,n000078,4
0315_03,n000078,4
0316_01,n000078,4
0317_01,n000078,4
0318_01,n000078,4
0319_01,n000078,4
0321_01,n000078,4
0322_01,n000078,4
0323_01,n000078,4
0324_01,n000078,4
0325_01,n000078,4
0326_02,n000078,4
0327_01,n000078,4
0327_02,n000078,4
0328_01,n000078,4
0329_01,n000078,4
0330_01,n000078,4
0332_01,n000078,4
0333_02,n000078,4
0334_01,n000078,4
0335_01,n000078,4
0336_01,n000078,4
0337_01,n000078,4
0338_01,n000078,4
0339_01,n000078,4
0340_01,n000078,4
0341_02,n000078,4
0342_01,n000078,4
0343_03,n000078,4
0344_01,n000078,4
0345_01,n000078,4
0345_03,n000078,4
0346_03,n000078,4
0347_01,n000078,4
0348_01,n000078,4
0349_01,n000078,4
0350_02,n000078,4
0351_01,n000078,4
0352_01,n000078,4
0352_03,n000078,4
0353_01,n000078,4
0354_01,n000078,4
0355_01,n000078,4
0356_01,n000078,4
0357_01,n000078,4
0358_01,n000078,4
0359_01,n000078,4
0360_01,n000078,4
0361_03,n000078,4
0362_01,n000078,4
0363_01,n000078,4
0365_02,n000078,4
0366_01,n000078,4
0367_02,n000078,4
0368_02,n000078,4
0370_03,n000078,4
0371_01,n000078,4
0372_01,n000078,4
0373_04,n000078,4
0376_01,n000078,4
0378_02,n000078,4
0379_01,n000078,4
0382_01,n000078,4
0383_02,n000078,4
0385_01,n000078,4
0386_02,n000078,4
0387_01,n000078,4
0391_02,n000078,4
0394_01,n000078,4
0395_01,n000078,4
0397_01,n000078,4
0400_01,n000078,4
0401_01,n000078,4
0402_01,n000078,4
0408_01,n000078,4
0409_01,n000078,4
0410_01,n000078,4
0411_01,n000078,4
0413_01,n000078,4
0413_03,n000078,4
0414_01,n000078,4
0415_01,n000078,4
0417_01,n000078,4
0418_02,n000078,4
0420_02,n000078,4
0423_01,n000078,4
0424_01,n000078,4
0425_01,n000078,4
0426_03,n000078,4
0428_03,n000078,4
0430_01,n000078,4
0431_01,n000078,4
0432_01,n000078,4
0434_01,n000078,4
0436_02,n000078,4
0437_01,n000078,4
0444_01,n000078,4
0447_01,n000078,4
0448_01,n000078,4
0461_01,n000078,4
0464_01,n000078,4
0484_01,n000078,4
0490_01,n000078,4
0500_01,n000078,4
0501_01,n000078,4
0518_01,n000078,4
0521_01,n000078,4
0522_01,n000078,4
0523_02,n000078,4
0524_02,n000078,4
0525_01,n000078,4
0526_01,n000078,4
0527_01,n000078,4
0528_01,n000078,4
0530_01,n000078,4
0531_01,n000078,4
0533_01,n000078,4
0534_01,n000078,4
0535_01,n000078,4
0537_01,n000078,4
0538_01,n000078,4
0539_01,n000078,4
0540_01,n000078,4
0541_01,n000078,4
0542_02,n000078,4
0543_02,n000078,4
0544_02,n000078,4
0545_02,n000078,4
0546_02,n000078,4
0547_01,n000078,4
0549_01,n000078,4
0550_02,n000078,4
0551_02,n000078,4
0552_03,n000078,4
0553_02,n000078,4
0555_02,n000078,4
0556_02,n000078,4
0557_01,n000078,4
0559_01,n000078,4
0560_03,n000078,4
0561_01,n000078,4
0562_01,n000078,4
0563_01,n000078,4
0564_02,n000078,4
0565_04,n000078,4
0567_01,n000078,4
0568_01,n000078,4
0569_01,n000078,4
0570_01,n000078,4
0571_02,n000078,4
0573_01,n000078,4
0574_02,n000078,4
0575_01,n000078,4
0580_01,n000078,4
0585_02,n000078,4
0588_02,n000078,4
0001_01,n000082,5
0001_02,n000082,5
0002_01,n000082,5
0002_02,n000082,5
0003_01,n000082,5
0003_03,n000082,5
0004_01,n000082,5
0004_05,n000082,5
0005_01,n000082,5
0006_02,n000082,5
0006_03,n000082,5
0007_01,n000082,5
0008_01,n000082,5
0008_03,n000082,5
0009_01,n000082,5
0009_02,n000082,5
0010_01,n000082,5
0010_02,n000082,5
0011_01,n000082,5
0011_02,n000082,5
0012_02,n000082,5
0012_03,n000082,5
0013_01,n000082,5
0014_01,n000082,5
0014_02,n000082,5
0015_01,n000082,5
0015_02,n000082,5
0015_03,n000082,5
0016_01,n000082,5
0016_02,n000082,5
0017_02,n000082,5
0017_03,n000082,5
0018_02,n000082,5
0018_03,n000082,5
0019_01,n000082,5
0019_02,n000082,5
0020_01,n000082,5
0020_04,n000082,5
0021_02,n000082,5
0021_03,n000082,5
0022_01,n000082,5
0022_02,n000082,5
0023_01,n000082,5
0024_01,n000082,5
0025_01,n000082,5
0025_02,n000082,5
0026_01,n000082,5
0027_01,n000082,5
0027_02,n000082,5
0028_01,n000082,5
0028_02,n000082,5
0029_01,n000082,5
0029_02,n000082,5
0030_02,n000082,5
0030_03,n000082,5
0031_01,n000082,5
0031_02,n000082,5
0032_01,n000082,5
0032_02,n000082,5
0032_03,n000082,5
0032_04,n000082,5
0033_01,n000082,5
0034_01,n000082,5
0035_01,n000082,5
0035_02,n000082,5
0036_02,n000082,5
0036_04,n000082,5
0037_02,n000082,5
0037_03,n000082,5
0038_01,n000082,5
0039_01,n000082,5
0039_02,n000082,5
0040_01,n000082,5
0041_01,n000082,5
0041_02,n000082,5
0042_01,n000082,5
0043_01,n000082,5
0044_01,n000082,5
0045_01,n000082,5
0045_03,n000082,5
0046_01,n000082,5
0046_02,n000082,5
0047_01,n000082,5
0047_03,n000082,5
0048_01,n000082,5
0048_02,n000082,5
0049_03,n000082,5
0049_04,n000082,5
0050_01,n000082,5
0051_02,n000082,5
0052_01,n000082,5
0052_02,n000082,5
0053_01,n000082,5
0053_04,n000082,5
0054_01,n000082,5
0054_03,n000082,5
0055_01,n000082,5
0056_01,n000082,5
0056_02,n000082,5
0057_01,n000082,5
0057_02,n000082,5
0058_01,n000082,5
0059_01,n000082,5
0059_02,n000082,5
0060_02,n000082,5
0061_01,n000082,5
0061_03,n000082,5
0062_01,n000082,5
0063_01,n000082,5
0063_03,n000082,5
0064_01,n000082,5
0064_03,n000082,5
0065_02,n000082,5
0065_03,n000082,5
0066_01,n000082,5
0067_01,n000082,5
0067_02,n000082,5
0068_01,n000082,5
0068_02,n000082,5
0070_01,n000082,5
0071_01,n000082,5
0071_02,n000082,5
0072_01,n000082,5
0073_01,n000082,5
0073_02,n000082,5
0074_01,n000082,5
0075_01,n000082,5
0075_02,n000082,5
0076_01,n000082,5
0077_01,n000082,5
0077_03,n000082,5
0077_05,n000082,5
0078_01,n000082,5
0079_01,n000082,5
0080_01,n000082,5
0080_02,n000082,5
0081_01,n000082,5
0081_03,n000082,5
0082_01,n000082,5
0083_01,n000082,5
0083_02,n000082,5
0084_02,n000082,5
0084_03,n000082,5
0085_01,n000082,5
0086_01,n000082,5
0087_01,n000082,5
0087_03,n000082,5
0088_01,n000082,5
0088_02,n000082,5
0089_01,n000082,5
0089_02,n000082,5
0090_01,n000082,5
0090_03,n000082,5
0091_01,n000082,5
0091_02,n000082,5
0092_02,n000082,5
0092_03,n000082,5
0093_01,n000082,5
0093_02,n000082,5
0094_01,n000082,5
0095_01,n000082,5
0096_01,n000082,5
0097_01,n000082,5
0097_02,n000082,5
0098_01,n000082,5
0098_03,n000082,5
0099_01,n000082,5
0100_01,n000082,5
0101_02,n000082,5
0102_01,n000082,5
0102_02,n000082,5
0103_06,n000082,5
0103_07,n000082,5
0104_02,n000082,5
0104_03,n000082,5
0105_01,n000082,5
0105_04,n000082,5
0106_01,n000082,5
0107_01,n000082,5
0107_02,n000082,5
0108_02,n000082,5
0109_01,n000082,5
0109_07,n000082,5
0110_01,n000082,5
0111_01,n000082,5
0111_02,n000082,5
0112_01,n000082,5
0112_02,n000082,5
0113_01,n000082,5
0114_01,n000082,5
0114_02,n000082,5
0115_03,n000082,5
0116_01,n000082,5
0116_02,n000082,5
0117_03,n000082,5
0117_04,n000082,5
0118_02,n000082,5
0118_05,n000082,5
0119_01,n000082,5
0119_02,n000082,5
0120_01,n000082,5
0120_02,n000082,5
0121_01,n000082,5
0121_03,n000082,5
0122_02,n000082,5
0123_01,n000082,5
0123_03,n000082,5
0124_03,n000082,5
0124_04,n000082,5
0125_02,n000082,5
0125_03,n000082,5
0126_02,n000082,5
0126_03,n000082,5
0127_01,n000082,5
0128_01,n000082,5
0129_01,n000082,5
0130_01,n000082,5
0131_01,n000082,5
0131_02,n000082,5
0132_02,n000082,5
0133_01,n000082,5
0135_02,n000082,5
0135_03,n000082,5
0136_01,n000082,5
0136_02,n000082,5
0137_01,n000082,5
0137_03,n000082,5
0138_01,n000082,5
0138_03,n000082,5
0139_02,n000082,5
0140_01,n000082,5
0140_02,n000082,5
0141_01,n000082,5
0142_01,n000082,5
0142_02,n000082,5
0143_01,n000082,5
0143_03,n000082,5
0144_01,n000082,5
0144_02,n000082,5
0145_01,n000082,5
0146_01,n000082,5
0146_03,n000082,5
0148_01,n000082,5
0148_02,n000082,5
0149_01,n000082,5
0150_01,n000082,5
0150_02,n000082,5
0152_01,n000082,5
0153_01,n000082,5
0153_02,n000082,5
0154_01,n000082,5
0155_01,n000082,5
0156_01,n000082,5
0156_03,n000082,5
0157_01,n000082,5
0157_02,n000082,5
0160_01,n000082,5
0160_04,n000082,5
0161_01,n000082,5
0161_03,n000082,5
0162_01,n000082,5
0162_02,n000082,5
0163_01,n000082,5
0163_02,n000082,5
0164_01,n000082,5
0166_02,n000082,5
0167_01,n000082,5
0168_01,n000082,5
0169_01,n000082,5
0170_01,n000082,5
0170_03,n000082,5
0172_02,n000082,5
0173_03,n000082,5
0173_04,n000082,5
0176_01,n000082,5
0178_01,n000082,5
0178_02,n000082,5
0181_02,n000082,5
0181_03,n000082,5
0182_01,n000082,5
0188_01,n000082,5
0188_02,n000082,5
0190_01,n000082,5
0191_01,n000082,5
0192_01,n000082,5
0193_01,n000082,5
0195_01,n000082,5
0197_02,n000082,5
0199_01,n000082,5
0199_02,n000082,5
0201_02,n000082,5
0202_01,n000082,5
0202_02,n000082,5
0214_03,n000082,5
0216_01,n000082,5
0218_01,n000082,5
0218_02,n000082,5
0221_01,n000082,5
0223_02,n000082,5
0236_01,n000082,5
0236_02,n000082,5
0240_01,n000082,5
0242_01,n000082,5
0243_01,n000082,5
0243_03,n000082,5
0252_01,n000082,5
0252_02,n000082,5
0254_01,n000082,5
0254_02,n000082,5
0256_02,n000082,5
0256_03,n000082,5
0256_04,n000082,5
0259_01,n000082,5
0260_01,n000082,5
0262_01,n000082,5
0262_02,n000082,5
0264_01,n000082,5
0264_03,n000082,5
0266_01,n000082,5
0267_01,n000082,5
0269_01,n000082,5
0269_02,n000082,5
0273_02,n000082,5
0275_02,n000082,5
0276_02,n000082,5
0278_01,n000082,5
0279_02,n000082,5
0285_01,n000082,5
0288_01,n000082,5
0289_01,n000082,5
0300_02,n000082,5
0306_01,n000082,5
0306_02,n000082,5
0307_03,n000082,5
0307_04,n000082,5
0312_02,n000082,5
0321_02,n000082,5
0321_03,n000082,5
0324_01,n000082,5
0333_01,n000082,5
0333_03,n000082,5
0334_01,n000082,5
0334_02,n000082,5
0336_01,n000082,5
0336_02,n000082,5
0337_04,n000082,5
0339_01,n000082,5
0352_02,n000082,5
0352_03,n000082,5
0356_03,n000082,5
0361_02,n000082,5
0366_01,n000082,5
0368_02,n000082,5
0369_01,n000082,5
0369_02,n000082,5
0404_01,n000082,5
0410_02,n000082,5
0410_03,n000082,5
0433_05,n000082,5
0433_08,n000082,5
0538_01,n000082,5
0538_03,n000082,5
0539_01,n000082,5
0539_03,n000082,5
0540_01,n000082,5
0540_03,n000082,5
0541_01,n000082,5
0541_02,n000082,5
0542_01,n000082,5
0543_01,n000082,5
0543_03,n000082,5
0544_01,n000082,5
0544_02,n000082,5
0546_01,n000082,5
0546_02,n000082,5
0547_02,n000082,5
0547_03,n000082,5
0549_01,n000082,5
0549_03,n000082,5
0550_01,n000082,5
0550_02,n000082,5
0551_02,n000082,5
0552_01,n000082,5
0552_02,n000082,5
0553_01,n000082,5
0553_04,n000082,5
0555_01,n000082,5
0555_02,n000082,5
0556_01,n000082,5
0556_02,n000082,5
0557_03,n000082,5
0557_06,n000082,5
0558_02,n000082,5
0558_03,n000082,5
0561_01,n000082,5
0562_02,n000082,5
0563_01,n000082,5
0563_02,n000082,5
0565_02,n000082,5
0565_03,n000082,5
0565_04,n000082,5
0566_01,n000082,5
0567_01,n000082,5
0568_01,n000082,5
0568_02,n000082,5
0569_01,n000082,5
0569_03,n000082,5
0570_01,n000082,5
0570_02,n000082,5
0571_01,n000082,5
0572_01,n000082,5
0572_03,n000082,5
0573_01,n000082,5
0573_02,n000082,5
0573_04,n000082,5
0573_05,n000082,5
0574_02,n000082,5
0574_03,n000082,5
0575_02,n000082,5
0575_03,n000082,5
0576_02,n000082,5
0576_03,n000082,5
0580_02,n000082,5
0580_03,n000082,5
0580_04,n000082,5
0581_01,n000082,5
0584_01,n000082,5
0584_02,n000082,5
0585_01,n000082,5
0587_03,n000082,5
0600_01,n000082,5
0600_04,n000082,5
0600_05,n000082,5
0602_01,n000082,5
0602_04,n000082,5
0612_01,n000082,5
0612_03,n000082,5
0621_01,n000082,5
0621_02,n000082,5
0621_04,n000082,5
0640_02,n000082,5
0001_03,n000106,6
0002_01,n000106,6
0003_01,n000106,6
0004_01,n000106,6
0005_01,n000106,6
0006_01,n000106,6
0007_01,n000106,6
0008_01,n000106,6
0009_01,n000106,6
0010_01,n000106,6
0011_01,n000106,6
0012_01,n000106,6
0013_01,n000106,6
0014_01,n000106,6
0015_01,n000106,6
0016_01,n000106,6
0017_01,n000106,6
0018_01,n000106,6
0019_01,n000106,6
0020_01,n000106,6
0020_02,n000106,6
0020_03,n000106,6
0021_01,n000106,6
0022_01,n000106,6
0023_01,n000106,6
0024_02,n000106,6
0025_01,n000106,6
0026_01,n000106,6
0027_01,n000106,6
0028_02,n000106,6
0029_01,n000106,6
0030_01,n000106,6
0031_01,n000106,6
0032_01,n000106,6
0033_01,n000106,6
0034_01,n000106,6
0035_02,n000106,6
0036_02,n000106,6
0037_01,n000106,6
0038_01,n000106,6
0039_01,n000106,6
0040_01,n000106,6
0041_01,n000106,6
0042_01,n000106,6
0043_01,n000106,6
0044_01,n000106,6
0045_01,n000106,6
0046_01,n000106,6
0047_01,n000106,6
0048_02,n000106,6
0049_01,n000106,6
0050_01,n000106,6
0052_02,n000106,6
0053_01,n000106,6
0054_01,n000106,6
0055_01,n000106,6
0056_01,n000106,6
0057_01,n000106,6
0058_02,n000106,6
0059_01,n000106,6
0060_02,n000106,6
0061_01,n000106,6
0062_01,n000106,6
0063_02,n000106,6
0064_01,n000106,6
0065_01,n000106,6
0066_01,n000106,6
0067_01,n000106,6
0068_01,n000106,6
0069_01,n000106,6
0070_02,n000106,6
0071_02,n000106,6
0072_01,n000106,6
0073_01,n000106,6
0073_02,n000106,6
0074_01,n000106,6
0075_01,n000106,6
0076_02,n000106,6
0077_01,n000106,6
0078_01,n000106,6
0079_01,n000106,6
0080_01,n000106,6
0081_01,n000106,6
0082_01,n000106,6
0083_01,n000106,6
0084_01,n000106,6
0085_01,n000106,6
0086_01,n000106,6
0087_01,n000106,6
0088_01,n000106,6
0089_01,n000106,6
0090_02,n000106,6
0091_01,n000106,6
0092_01,n000106,6
0093_01,n000106,6
0094_01,n000106,6
0095_01,n000106,6
0096_01,n000106,6
0097_01,n000106,6
0098_02,n000106,6
0099_01,n000106,6
0100_01,n000106,6
0101_01,n000106,6
0102_01,n000106,6
0102_02,n000106,6
0103_01,n000106,6
0104_01,n000106,6
0105_01,n000106,6
0106_02,n000106,6
0107_02,n000106,6
0108_01,n000106,6
0109_01,n000106,6
0110_02,n000106,6
0111_01,n000106,6
0112_01,n000106,6
0113_01,n000106,6
0114_01,n000106,6
0115_01,n000106,6
0116_01,n000106,6
0117_01,n000106,6
0118_02,n000106,6
0119_01,n000106,6
0120_01,n000106,6
0121_01,n000106,6
0122_01,n000106,6
0123_01,n000106,6
0124_01,n000106,6
0125_02,n000106,6
0126_01,n000106,6
0127_01,n000106,6
0128_01,n000106,6
0129_01,n000106,6
0130_01,n000106,6
0131_01,n000106,6
0132_01,n000106,6
0134_01,n000106,6
0135_01,n000106,6
0136_01,n000106,6
0137_01,n000106,6
0138_01,n000106,6
0139_02,n000106,6
0140_01,n000106,6
0141_01,n000106,6
0142_02,n000106,6
0143_03,n000106,6
0144_01,n000106,6
0145_01,n000106,6
0146_02,n000106,6
0147_02,n000106,6
0148_02,n000106,6
0149_02,n000106,6
0150_01,n000106,6
0151_01,n000106,6
0152_01,n000106,6
0153_01,n000106,6
0154_01,n000106,6
0155_01,n000106,6
0156_01,n000106,6
0157_01,n000106,6
0158_01,n000106,6
0159_01,n000106,6
0160_01,n000106,6
0161_01,n000106,6
0162_01,n000106,6
0164_01,n000106,6
0165_02,n000106,6
0166_01,n000106,6
0167_02,n000106,6
0168_01,n000106,6
0169_01,n000106,6
0170_01,n000106,6
0171_01,n000106,6
0171_02,n000106,6
0172_01,n000106,6
0173_01,n000106,6
0175_02,n000106,6
0176_02,n000106,6
0177_02,n000106,6
0178_02,n000106,6
0179_01,n000106,6
0180_02,n000106,6
0181_01,n000106,6
0182_02,n000106,6
0184_01,n000106,6
0185_01,n000106,6
0186_01,n000106,6
0187_01,n000106,6
0188_01,n000106,6
0189_01,n000106,6
0189_02,n000106,6
0189_03,n000106,6
0190_01,n000106,6
0191_02,n000106,6
0192_01,n000106,6
0193_02,n000106,6
0194_01,n000106,6
0195_02,n000106,6
0196_01,n000106,6
0197_02,n000106,6
0198_02,n000106,6
0199_03,n000106,6
0200_01,n000106,6
0201_01,n000106,6
0202_01,n000106,6
0203_01,n000106,6
0204_01,n000106,6
0205_02,n000106,6
0206_01,n000106,6
0207_02,n000106,6
0209_02,n000106,6
0210_01,n000106,6
0211_01,n000106,6
0212_01,n000106,6
0213_02,n000106,6
0214_01,n000106,6
0215_01,n000106,6
0216_03,n000106,6
0217_01,n000106,6
0218_03,n000106,6
0219_01,n000106,6
0221_01,n000106,6
0222_01,n000106,6
0223_01,n000106,6
0224_01,n000106,6
0225_01,n000106,6
0226_01,n000106,6
0227_01,n000106,6
0228_01,n000106,6
0231_01,n000106,6
0232_02,n000106,6
0233_03,n000106,6
0234_01,n000106,6
0235_02,n000106,6
0236_01,n000106,6
0237_02,n000106,6
0238_02,n000106,6
0239_01,n000106,6
0240_04,n000106,6
0241_01,n000106,6
0242_01,n000106,6
0243_01,n000106,6
0244_01,n000106,6
0245_01,n000106,6
0246_01,n000106,6
0247_01,n000106,6
0248_01,n000106,6
0249_04,n000106,6
0250_01,n000106,6
0251_01,n000106,6
0251_02,n000106,6
0253_01,n000106,6
0254_01,n000106,6
0255_01,n000106,6
0256_01,n000106,6
0258_01,n000106,6
0259_01,n000106,6
0261_01,n000106,6
0262_02,n000106,6
0263_01,n000106,6
0265_01,n000106,6
0266_09,n000106,6
0267_02,n000106,6
0268_01,n000106,6
0275_01,n000106,6
0276_02,n000106,6
0283_01,n000106,6
0294_01,n000106,6
0298_01,n000106,6
0301_01,n000106,6
0302_01,n000106,6
0307_01,n000106,6
0312_02,n000106,6
0320_02,n000106,6
0328_01,n000106,6
0335_01,n000106,6
0343_04,n000106,6
0350_02,n000106,6
0366_01,n000106,6
0383_01,n000106,6
0001_01,n000129,7
0002_01,n000129,7
0003_01,n000129,7
0004_01,n000129,7
0005_01,n000129,7
0006_01,n000129,7
0007_01,n000129,7
0008_01,n000129,7
0009_01,n000129,7
0010_01,n000129,7
0011_01,n000129,7
0012_01,n000129,7
0013_04,n000129,7
0014_01,n000129,7
0015_01,n000129,7
0016_01,n000129,7
0017_01,n000129,7
0018_01,n000129,7
0019_01,n000129,7
0020_01,n000129,7
0021_01,n000129,7
0022_01,n000129,7
0023_01,n000129,7
0024_01,n000129,7
0025_01,n000129,7
0026_01,n000129,7
0027_01,n000129,7
0028_01,n000129,7
0029_01,n000129,7
0030_01,n000129,7
0031_01,n000129,7
0032_01,n000129,7
0033_01,n000129,7
0034_01,n000129,7
0035_01,n000129,7
0036_01,n000129,7
0037_07,n000129,7
0038_01,n000129,7
0039_01,n000129,7
0040_01,n000129,7
0041_01,n000129,7
0042_01,n000129,7
0043_01,n000129,7
0044_01,n000129,7
0045_01,n000129,7
0046_01,n000129,7
0047_01,n000129,7
0048_01,n000129,7
0049_01,n000129,7
0050_01,n000129,7
0051_01,n000129,7
0052_01,n000129,7
0053_01,n000129,7
0054_01,n000129,7
0055_01,n000129,7
0056_01,n000129,7
0057_01,n000129,7
0058_01,n000129,7
0059_01,n000129,7
0060_01,n000129,7
0061_01,n000129,7
0062_01,n000129,7
0063_02,n000129,7
0064_01,n000129,7
0065_01,n000129,7
0066_01,n000129,7
0067_01,n000129,7
0068_01,n000129,7
0069_01,n000129,7
0070_01,n000129,7
0071_01,n000129,7
0072_01,n000129,7
0073_01,n000129,7
0074_01,n000129,7
0075_01,n000129,7
0076_01,n000129,7
0077_01,n000129,7
0078_01,n000129,7
0079_01,n000129,7
0080_01,n000129,7
0081_01,n000129,7
0082_01,n000129,7
0083_01,n000129,7
0084_01,n000129,7
0085_02,n000129,7
0086_01,n000129,7
0087_02,n000129,7
0088_01,n000129,7
0089_01,n000129,7
0090_02,n000129,7
0091_01,n000129,7
0092_01,n000129,7
0093_01,n000129,7
0094_01,n000129,7
0095_01,n000129,7
0096_01,n000129,7
0097_01,n000129,7
0098_01,n000129,7
0099_01,n000129,7
0100_01,n000129,7
0101_01,n000129,7
0102_01,n000129,7
0103_01,n000129,7
0104_01,n000129,7
0105_01,n000129,7
0106_01,n000129,7
0107_01,n000129,7
0108_01,n000129,7
0109_01,n000129,7
0110_01,n000129,7
0111_01,n000129,7
0112_01,n000129,7
0113_01,n000129,7
0114_01,n000129,7
0115_01,n000129,7
0116_01,n000129,7
0117_01,n000129,7
0118_01,n000129,7
0119_01,n000129,7
0120_01,n000129,7
0121_01,n000129,7
0122_01,n000129,7
0123_01,n000129,7
0124_01,n000129,7
0125_01,n000129,7
0126_01,n000129,7
0127_01,n000129,7
0128_01,n000129,7
0129_01,n000129,7
0130_01,n000129,7
0131_01,n000129,7
0132_02,n000129,7
0133_01,n000129,7
0134_01,n000129,7
0135_01,n000129,7
0136_01,n000129,7
0137_01,n000129,7
0138_02,n000129,7
0139_01,n000129,7
0140_01,n000129,7
0141_01,n000129,7
0142_01,n000129,7
0143_01,n000129,7
0144_01,n000129,7
0145_01,n000129,7
0146_01,n000129,7
0147_01,n000129,7
0148_01,n000129,7
0149_01,n000129,7
0150_02,n000129,7
0151_01,n000129,7
0152_01,n000129,7
0153_01,n000129,7
0154_01,n000129,7
0155_01,n000129,7
0156_01,n000129,7
0157_01,n000129,7
0158_01,n000129,7
0159_01,n000129,7
0160_01,n000129,7
0161_01,n000129,7
0162_01,n000129,7
0163_01,n000129,7
0164_01,n000129,7
0165_01,n000129,7
0166_01,n000129,7
0167_01,n000129,7
0168_01,n000129,7
0169_01,n000129,7
0170_01,n000129,7
0171_01,n000129,7
0172_01,n000129,7
0173_01,n000129,7
0174_01,n000129,7
0175_01,n000129,7
0176_01,n000129,7
0177_03,n000129,7
0178_01,n000129,7
0179_01,n000129,7
0180_01,n000129,7
0181_01,n000129,7
0182_01,n000129,7
0183_01,n000129,7
0184_01,n000129,7
0185_01,n000129,7
0186_01,n000129,7
0187_01,n000129,7
0188_01,n000129,7
0189_01,n000129,7
0190_01,n000129,7
0191_01,n000129,7
0192_01,n000129,7
0193_01,n000129,7
0194_02,n000129,7
0195_01,n000129,7
0196_01,n000129,7
0197_02,n000129,7
0198_01,n000129,7
0199_02,n000129,7
0200_01,n000129,7
0201_01,n000129,7
0202_02,n000129,7
0203_01,n000129,7
0204_01,n000129,7
0205_01,n000129,7
0206_01,n000129,7
0207_01,n000129,7
0208_01,n000129,7
0209_01,n000129,7
0210_01,n000129,7
0211_01,n000129,7
0212_01,n000129,7
0213_01,n000129,7
0214_01,n000129,7
0215_01,n000129,7
0216_01,n000129,7
0217_02,n000129,7
0218_01,n000129,7
0219_01,n000129,7
0220_01,n000129,7
0221_01,n000129,7
0222_01,n000129,7
0223_01,n000129,7
0224_01,n000129,7
0225_01,n000129,7
0226_02,n000129,7
0227_01,n000129,7
0228_02,n000129,7
0229_01,n000129,7
0230_01,n000129,7
0231_01,n000129,7
0232_01,n000129,7
0233_02,n000129,7
0234_01,n000129,7
0235_01,n000129,7
0236_01,n000129,7
0237_01,n000129,7
0238_01,n000129,7
0239_01,n000129,7
0240_02,n000129,7
0241_01,n000129,7
0242_01,n000129,7
0243_01,n000129,7
0244_01,n000129,7
0245_01,n000129,7
0246_01,n000129,7
0247_01,n000129,7
0248_01,n000129,7
0249_01,n000129,7
0250_01,n000129,7
0251_01,n000129,7
0252_01,n000129,7
0253_01,n000129,7
0254_01,n000129,7
0255_01,n000129,7
0256_01,n000129,7
0257_01,n000129,7
0258_02,n000129,7
0259_01,n000129,7
0260_02,n000129,7
0261_01,n000129,7
0262_01,n000129,7
0263_01,n000129,7
0264_01,n000129,7
0265_01,n000129,7
0266_01,n000129,7
0267_01,n000129,7
0268_01,n000129,7
0269_01,n000129,7
0270_01,n000129,7
0271_01,n000129,7
0272_01,n000129,7
0273_01,n000129,7
0274_01,n000129,7
0275_01,n000129,7
0276_01,n000129,7
0277_02,n000129,7
0278_01,n000129,7
0279_01,n000129,7
0280_01,n000129,7
0281_01,n000129,7
0282_01,n000129,7
0283_01,n000129,7
0284_01,n000129,7
0285_01,n000129,7
0286_01,n000129,7
0287_01,n000129,7
0288_01,n000129,7
0289_02,n000129,7
0290_01,n000129,7
0291_01,n000129,7
0292_01,n000129,7
0293_01,n000129,7
0294_01,n000129,7
0295_01,n000129,7
0296_01,n000129,7
0297_01,n000129,7
0298_02,n000129,7
0299_02,n000129,7
0300_01,n000129,7
0301_02,n000129,7
0302_01,n000129,7
0303_01,n000129,7
0304_01,n000129,7
0305_02,n000129,7
0306_03,n000129,7
0307_01,n000129,7
0308_01,n000129,7
0309_01,n000129,7
0310_01,n000129,7
0311_01,n000129,7
0312_02,n000129,7
0313_02,n000129,7
0314_01,n000129,7
0315_01,n000129,7
0316_01,n000129,7
0317_03,n000129,7
0318_01,n000129,7
0319_01,n000129,7
0320_01,n000129,7
0321_01,n000129,7
0322_01,n000129,7
0323_01,n000129,7
0324_01,n000129,7
0325_02,n000129,7
0326_01,n000129,7
0327_01,n000129,7
0328_01,n000129,7
0329_01,n000129,7
0330_01,n000129,7
0331_01,n000129,7
0332_03,n000129,7
0333_01,n000129,7
0334_01,n000129,7
0335_02,n000129,7
0336_01,n000129,7
0337_01,n000129,7
0338_01,n000129,7
0339_01,n000129,7
0340_01,n000129,7
0341_03,n000129,7
0342_01,n000129,7
0343_02,n000129,7
0344_02,n000129,7
0345_01,n000129,7
0346_01,n000129,7
0347_01,n000129,7
0348_02,n000129,7
0349_01,n000129,7
0350_01,n000129,7
0351_01,n000129,7
0352_01,n000129,7
0353_01,n000129,7
0354_01,n000129,7
0355_01,n000129,7
0356_01,n000129,7
0357_01,n000129,7
0358_01,n000129,7
0359_01,n000129,7
0360_01,n000129,7
0361_01,n000129,7
0362_01,n000129,7
0363_01,n000129,7
0364_01,n000129,7
0365_01,n000129,7
0366_01,n000129,7
0367_01,n000129,7
0368_01,n000129,7
0369_01,n000129,7
0370_01,n000129,7
0371_01,n000129,7
0372_03,n000129,7
0373_01,n000129,7
0374_02,n000129,7
0375_01,n000129,7
0376_01,n000129,7
0377_01,n000129,7
0378_01,n000129,7
0379_01,n000129,7
0380_01,n000129,7
0381_01,n000129,7
0382_01,n000129,7
0383_01,n000129,7
0384_01,n000129,7
0385_01,n000129,7
0386_01,n000129,7
0387_01,n000129,7
0388_01,n000129,7
0389_01,n000129,7
0390_01,n000129,7
0391_02,n000129,7
0392_01,n000129,7
0393_01,n000129,7
0394_01,n000129,7
0395_01,n000129,7
0396_02,n000129,7
0397_01,n000129,7
0398_01,n000129,7
0399_01,n000129,7
0400_01,n000129,7
0401_02,n000129,7
0402_02,n000129,7
0403_01,n000129,7
0404_01,n000129,7
0405_01,n000129,7
0406_01,n000129,7
0407_01,n000129,7
0408_01,n000129,7
0409_01,n000129,7
0410_10,n000129,7
0411_01,n000129,7
0412_01,n000129,7
0413_02,n000129,7
0414_01,n000129,7
0415_01,n000129,7
0416_01,n000129,7
0417_01,n000129,7
0418_01,n000129,7
0419_01,n000129,7
0421_01,n000129,7
0422_01,n000129,7
0423_01,n000129,7
0424_01,n000129,7
0425_01,n000129,7
0426_01,n000129,7
0427_01,n000129,7
0428_01,n000129,7
0429_03,n000129,7
0430_02,n000129,7
0431_01,n000129,7
0432_02,n000129,7
0433_01,n000129,7
0434_01,n000129,7
0435_01,n000129,7
0436_02,n000129,7
0437_02,n000129,7
0439_01,n000129,7
0440_01,n000129,7
0441_01,n000129,7
0442_01,n000129,7
0443_01,n000129,7
0444_01,n000129,7
0445_01,n000129,7
0446_01,n000129,7
0448_02,n000129,7
0449_02,n000129,7
0450_01,n000129,7
0451_01,n000129,7
0452_01,n000129,7
0453_01,n000129,7
0454_03,n000129,7
0455_02,n000129,7
0456_01,n000129,7
0457_01,n000129,7
0458_03,n000129,7
0459_01,n000129,7
0460_01,n000129,7
0461_01,n000129,7
0464_02,n000129,7
0465_03,n000129,7
0466_01,n000129,7
0467_01,n000129,7
0468_01,n000129,7
0469_02,n000129,7
0470_01,n000129,7
0471_01,n000129,7
0472_01,n000129,7
0473_01,n000129,7
0474_01,n000129,7
0475_03,n000129,7
0476_01,n000129,7
0477_01,n000129,7
0478_02,n000129,7
0479_01,n000129,7
0480_01,n000129,7
0481_01,n000129,7
0482_09,n000129,7
0483_01,n000129,7
0484_01,n000129,7
0485_03,n000129,7
0486_01,n000129,7
0487_01,n000129,7
0488_01,n000129,7
0489_01,n000129,7
0490_01,n000129,7
0491_02,n000129,7
0492_01,n000129,7
0493_01,n000129,7
0494_04,n000129,7
0495_01,n000129,7
0496_01,n000129,7
0497_02,n000129,7
0498_02,n000129,7
0499_01,n000129,7
0500_02,n000129,7
0501_02,n000129,7
0502_02,n000129,7
0503_01,n000129,7
0504_01,n000129,7
0505_01,n000129,7
0506_03,n000129,7
0507_01,n000129,7
0508_01,n000129,7
0509_01,n000129,7
0510_02,n000129,7
0511_01,n000129,7
0513_02,n000129,7
0514_01,n000129,7
0517_01,n000129,7
0519_01,n000129,7
0520_01,n000129,7
0522_02,n000129,7
0526_01,n000129,7
0528_01,n000129,7
0530_02,n000129,7
0533_03,n000129,7
0536_02,n000129,7
0558_01,n000129,7
0559_01,n000129,7
0560_01,n000129,7
0561_01,n000129,7
0562_01,n000129,7
0563_01,n000129,7
0564_01,n000129,7
0565_01,n000129,7
0566_01,n000129,7
0567_01,n000129,7
0568_01,n000129,7
0569_01,n000129,7
0571_01,n000129,7
0572_01,n000129,7
0573_01,n000129,7
0574_03,n000129,7
0575_02,n000129,7
0576_01,n000129,7
0578_01,n000129,7
0579_02,n000129,7
0580_01,n000129,7
0581_01,n000129,7
0583_01,n000129,7
0584_01,n000129,7
0585_01,n000129,7
0586_02,n000129,7
0587_01,n000129,7
0588_01,n000129,7
0589_02,n000129,7
0591_01,n000129,7
0593_01,n000129,7
0594_01,n000129,7
0595_01,n000129,7
0597_02,n000129,7
0599_01,n000129,7
0600_01,n000129,7
0601_01,n000129,7
0602_01,n000129,7
0603_01,n000129,7
0604_02,n000129,7
0605_01,n000129,7
0606_01,n000129,7
0607_01,n000129,7
0608_01,n000129,7
0609_02,n000129,7
0610_04,n000129,7
0611_01,n000129,7
0612_01,n000129,7
0613_01,n000129,7
0614_05,n000129,7
0615_01,n000129,7
0616_01,n000129,7
0617_03,n000129,7
0618_01,n000129,7
0619_01,n000129,7
0620_01,n000129,7
0621_02,n000129,7
0622_02,n000129,7
0623_01,n000129,7
0624_02,n000129,7
0625_02,n000129,7
0627_05,n000129,7
0628_03,n000129,7
0629_01,n000129,7
0630_01,n000129,7
0633_01,n000129,7
0634_01,n000129,7
0671_10,n000129,7
0001_01,n000148,8
0002_01,n000148,8
0004_01,n000148,8
0005_01,n000148,8
0006_01,n000148,8
0007_01,n000148,8
0008_01,n000148,8
0009_01,n000148,8
0010_01,n000148,8
0012_01,n000148,8
0013_01,n000148,8
0014_01,n000148,8
0016_01,n000148,8
0017_01,n000148,8
0019_01,n000148,8
0020_01,n000148,8
0021_01,n000148,8
0023_01,n000148,8
0024_01,n000148,8
0025_01,n000148,8
0026_01,n000148,8
0028_01,n000148,8
0030_01,n000148,8
0031_01,n000148,8
0033_01,n000148,8
0035_01,n000148,8
0038_01,n000148,8
0039_01,n000148,8
0040_01,n000148,8
0041_01,n000148,8
0043_01,n000148,8
0044_01,n000148,8
0045_01,n000148,8
0046_01,n000148,8
0046_02,n000148,8
0047_01,n000148,8
0048_01,n000148,8
0049_01,n000148,8
0050_01,n000148,8
0051_01,n000148,8
0052_01,n000148,8
0053_02,n000148,8
0054_01,n000148,8
0055_01,n000148,8
0057_01,n000148,8
0058_01,n000148,8
0059_01,n000148,8
0060_01,n000148,8
0061_01,n000148,8
0062_01,n000148,8
0063_01,n000148,8
0064_01,n000148,8
0065_01,n000148,8
0066_01,n000148,8
0067_01,n000148,8
0069_01,n000148,8
0070_01,n000148,8
0072_01,n000148,8
0074_01,n000148,8
0075_03,n000148,8
0075_04,n000148,8
0076_01,n000148,8
0077_01,n000148,8
0078_01,n000148,8
0081_01,n000148,8
0082_01,n000148,8
0083_01,n000148,8
0085_01,n000148,8
0086_01,n000148,8
0088_01,n000148,8
0089_01,n000148,8
0090_01,n000148,8
0092_01,n000148,8
0093_01,n000148,8
0094_01,n000148,8
0096_01,n000148,8
0096_08,n000148,8
0097_01,n000148,8
0098_01,n000148,8
0099_01,n000148,8
0100_01,n000148,8
0102_01,n000148,8
0103_01,n000148,8
0105_01,n000148,8
0106_01,n000148,8
0107_01,n000148,8
0108_01,n000148,8
0109_01,n000148,8
0110_04,n000148,8
0111_01,n000148,8
0112_01,n000148,8
0114_01,n000148,8
0115_01,n000148,8
0118_01,n000148,8
0119_01,n000148,8
0121_01,n000148,8
0122_01,n000148,8
0122_02,n000148,8
0123_01,n000148,8
0125_01,n000148,8
0126_01,n000148,8
0128_01,n000148,8
0130_01,n000148,8
0131_01,n000148,8
0132_01,n000148,8
0133_01,n000148,8
0134_02,n000148,8
0136_01,n000148,8
0138_01,n000148,8
0139_01,n000148,8
0140_01,n000148,8
0142_01,n000148,8
0143_01,n000148,8
0144_01,n000148,8
0147_01,n000148,8
0148_01,n000148,8
0149_01,n000148,8
0150_01,n000148,8
0150_02,n000148,8
0152_01,n000148,8
0153_01,n000148,8
0154_01,n000148,8
0156_01,n000148,8
0160_01,n000148,8
0161_01,n000148,8
0162_01,n000148,8
0166_01,n000148,8
0168_01,n000148,8
0170_01,n000148,8
0171_01,n000148,8
0173_01,n000148,8
0175_01,n000148,8
0176_01,n000148,8
0178_01,n000148,8
0179_04,n000148,8
0180_01,n000148,8
0181_01,n000148,8
0182_01,n000148,8
0183_01,n000148,8
0186_01,n000148,8
0188_01,n000148,8
0189_01,n000148,8
0190_01,n000148,8
0191_02,n000148,8
0192_01,n000148,8
0194_01,n000148,8
0194_02,n000148,8
0194_03,n000148,8
0194_04,n000148,8
0195_03,n000148,8
0196_01,n000148,8
0197_01,n000148,8
0198_01,n000148,8
0201_01,n000148,8
0203_01,n000148,8
0204_01,n000148,8
0205_01,n000148,8
0206_01,n000148,8
0207_01,n000148,8
0208_01,n000148,8
0209_01,n000148,8
0211_01,n000148,8
0213_01,n000148,8
0215_03,n000148,8
0216_01,n000148,8
0217_01,n000148,8
0219_01,n000148,8
0220_01,n000148,8
0223_01,n000148,8
0224_01,n000148,8
0225_01,n000148,8
0226_02,n000148,8
0228_01,n000148,8
0229_01,n000148,8
0234_01,n000148,8
0236_01,n000148,8
0237_01,n000148,8
0238_01,n000148,8
0241_02,n000148,8
0242_01,n000148,8
0243_01,n000148,8
0245_01,n000148,8
0246_01,n000148,8
0247_01,n000148,8
0249_01,n000148,8
0252_01,n000148,8
0255_01,n000148,8
0258_01,n000148,8
0261_01,n000148,8
0262_01,n000148,8
0263_01,n000148,8
0264_01,n000148,8
0265_01,n000148,8
0266_01,n000148,8
0267_01,n000148,8
0268_01,n000148,8
0269_01,n000148,8
0270_01,n000148,8
0271_01,n000148,8
0274_01,n000148,8
0278_01,n000148,8
0280_01,n000148,8
0281_01,n000148,8
0282_01,n000148,8
0283_01,n000148,8
0284_02,n000148,8
0288_01,n000148,8
0290_01,n000148,8
0291_01,n000148,8
0292_01,n000148,8
0293_01,n000148,8
0294_01,n000148,8
0296_01,n000148,8
0296_02,n000148,8
0296_03,n000148,8
0298_01,n000148,8
0299_01,n000148,8
0301_01,n000148,8
0301_03,n000148,8
0302_02,n000148,8
0303_01,n000148,8
0305_01,n000148,8
0305_02,n000148,8
0306_01,n000148,8
0308_01,n000148,8
0310_01,n000148,8
0313_01,n000148,8
0315_01,n000148,8
0316_01,n000148,8
0317_02,n000148,8
0318_01,n000148,8
0320_01,n000148,8
0321_01,n000148,8
0323_04,n000148,8
0324_01,n000148,8
0325_01,n000148,8
0326_01,n000148,8
0327_01,n000148,8
0328_01,n000148,8
0329_01,n000148,8
0330_01,n000148,8
0331_01,n000148,8
0331_02,n000148,8
0333_01,n000148,8
0335_01,n000148,8
0337_01,n000148,8
0338_01,n000148,8
0339_01,n000148,8
0340_01,n000148,8
0342_01,n000148,8
0343_01,n000148,8
0344_01,n000148,8
0345_01,n000148,8
0347_01,n000148,8
0348_01,n000148,8
0351_01,n000148,8
0353_01,n000148,8
0355_01,n000148,8
0359_01,n000148,8
0361_01,n000148,8
0362_01,n000148,8
0364_01,n000148,8
0365_01,n000148,8
0369_01,n000148,8
0370_02,n000148,8
0370_04,n000148,8
0371_01,n000148,8
0373_01,n000148,8
0373_02,n000148,8
0374_01,n000148,8
0376_01,n000148,8
0377_01,n000148,8
0378_01,n000148,8
0382_01,n000148,8
0385_01,n000148,8
0388_01,n000148,8
0390_01,n000148,8
0391_01,n000148,8
0393_01,n000148,8
0395_01,n000148,8
0396_01,n000148,8
0397_01,n000148,8
0398_01,n000148,8
0401_01,n000148,8
0402_01,n000148,8
0403_01,n000148,8
0406_01,n000148,8
0408_01,n000148,8
0410_01,n000148,8
0410_02,n000148,8
0414_01,n000148,8
0416_01,n000148,8
0418_01,n000148,8
0422_02,n000148,8
0426_01,n000148,8
0428_01,n000148,8
0429_01,n000148,8
0432_01,n000148,8
0435_01,n000148,8
0438_01,n000148,8
0439_01,n000148,8
0441_01,n000148,8
0447_01,n000148,8
0450_01,n000148,8
0452_02,n000148,8
0452_05,n000148,8
0454_01,n000148,8
0454_02,n000148,8
0454_03,n000148,8
0454_04,n000148,8
0454_05,n000148,8
0454_06,n000148,8
0454_07,n000148,8
0454_08,n000148,8
0454_09,n000148,8
0456_01,n000148,8
0457_01,n000148,8
0460_02,n000148,8
0463_01,n000148,8
0469_01,n000148,8
0482_01,n000148,8
0485_01,n000148,8
0491_01,n000148,8
0492_01,n000148,8
0497_01,n000148,8
0499_01,n000148,8
0502_01,n000148,8
0511_01,n000148,8
0514_01,n000148,8
0525_01,n000148,8
0538_01,n000148,8
0540_01,n000148,8
0579_01,n000148,8
0581_01,n000148,8
0588_01,n000148,8
0590_01,n000148,8
0592_01,n000148,8
0595_01,n000148,8
0596_01,n000148,8
0597_01,n000148,8
0598_01,n000148,8
0599_01,n000148,8
0600_01,n000148,8
0603_01,n000148,8
0603_02,n000148,8
0604_01,n000148,8
0608_01,n000148,8
0610_01,n000148,8
0612_01,n000148,8
0613_02,n000148,8
0615_01,n000148,8
0620_01,n000148,8
0621_01,n000148,8
0621_02,n000148,8
0621_03,n000148,8
0625_01,n000148,8
0627_01,n000148,8
0632_01,n000148,8
0639_01,n000148,8
0646_01,n000148,8
0647_01,n000148,8
0647_02,n000148,8
0647_03,n000148,8
0649_01,n000148,8
0652_01,n000148,8
0653_01,n000148,8
0655_01,n000148,8
0001_01,n000149,9
0002_01,n000149,9
0003_01,n000149,9
0004_01,n000149,9
0005_02,n000149,9
0006_01,n000149,9
0007_01,n000149,9
0008_01,n000149,9
0009_01,n000149,9
0010_01,n000149,9
0011_01,n000149,9
0012_01,n000149,9
0013_01,n000149,9
0014_01,n000149,9
0015_01,n000149,9
0016_01,n000149,9
0017_01,n000149,9
0018_01,n000149,9
0019_01,n000149,9
0020_01,n000149,9
0021_01,n000149,9
0022_01,n000149,9
0023_01,n000149,9
0024_01,n000149,9
0025_01,n000149,9
0026_01,n000149,9
0027_01,n000149,9
0028_01,n000149,9
0028_02,n000149,9
0029_01,n000149,9
0030_01,n000149,9
0031_03,n000149,9
0032_01,n000149,9
0033_01,n000149,9
0034_01,n000149,9
0035_01,n000149,9
0035_02,n000149,9
0036_01,n000149,9
0037_01,n000149,9
0038_01,n000149,9
0038_02,n000149,9
0038_03,n000149,9
0038_04,n000149,9
0039_01,n000149,9
0040_01,n000149,9
0041_01,n000149,9
0042_01,n000149,9
0043_02,n000149,9
0044_01,n000149,9
0045_01,n000149,9
0046_01,n000149,9
0047_01,n000149,9
0048_01,n000149,9
0049_01,n000149,9
0050_01,n000149,9
0051_02,n000149,9
0052_02,n000149,9
0053_01,n000149,9
0054_01,n000149,9
0055_02,n000149,9
0056_01,n000149,9
0057_01,n000149,9
0058_01,n000149,9
0059_01,n000149,9
0060_02,n000149,9
0060_04,n000149,9
0061_01,n000149,9
0062_01,n000149,9
0063_01,n000149,9
0064_01,n000149,9
0065_01,n000149,9
0066_01,n000149,9
0067_01,n000149,9
0068_01,n000149,9
0069_01,n000149,9
0070_01,n000149,9
0071_01,n000149,9
0072_01,n000149,9
0073_01,n000149,9
0074_01,n000149,9
0075_01,n000149,9
0076_01,n000149,9
0077_03,n000149,9
0078_01,n000149,9
0079_01,n000149,9
0080_01,n000149,9
0081_01,n000149,9
0082_01,n000149,9
0083_01,n000149,9
0084_01,n000149,9
0085_01,n000149,9
0086_01,n000149,9
0087_01,n000149,9
0088_01,n000149,9
0089_01,n000149,9
0090_01,n000149,9
0091_01,n000149,9
0092_01,n000149,9
0092_02,n000149,9
0093_01,n000149,9
0094_01,n000149,9
0095_01,n000149,9
0096_01,n000149,9
0097_01,n000149,9
0098_02,n000149,9
0099_01,n000149,9
0099_02,n000149,9
0100_01,n000149,9
0101_01,n000149,9
0102_01,n000149,9
0103_01,n000149,9
0104_01,n000149,9
0105_01,n000149,9
0105_02,n000149,9
0106_01,n000149,9
0107_01,n000149,9
0108_01,n000149,9
0109_01,n000149,9
0110_01,n000149,9
0111_01,n000149,9
0111_02,n000149,9
0112_01,n000149,9
0113_01,n000149,9
0114_01,n000149,9
0115_01,n000149,9
0116_01,n000149,9
0117_01,n000149,9
0118_02,n000149,9
0119_01,n000149,9
0120_01,n000149,9
0121_01,n000149,9
0123_01,n000149,9
0124_02,n000149,9
0125_01,n000149,9
0126_01,n000149,9
0127_01,n000149,9
0128_01,n000149,9
0129_01,n000149,9
0130_02,n000149,9
0131_02,n000149,9
0132_01,n000149,9
0133_01,n000149,9
0134_01,n000149,9
0135_01,n000149,9
0136_01,n000149,9
0136_02,n000149,9
0136_03,n000149,9
0136_04,n000149,9
0136_05,n000149,9
0136_06,n000149,9
0137_01,n000149,9
0138_01,n000149,9
0139_01,n000149,9
0140_01,n000149,9
0141_01,n000149,9
0142_01,n000149,9
0143_01,n000149,9
0144_01,n000149,9
0145_01,n000149,9
0146_01,n000149,9
0147_01,n000149,9
0148_01,n000149,9
0149_01,n000149,9
0150_01,n000149,9
0151_01,n000149,9
0152_01,n000149,9
0153_01,n000149,9
0153_02,n000149,9
0153_03,n000149,9
0155_01,n000149,9
0156_01,n000149,9
0157_01,n000149,9
0157_02,n000149,9
0157_03,n000149,9
0157_04,n000149,9
0158_01,n000149,9
0159_01,n000149,9
0160_01,n000149,9
0161_01,n000149,9
0162_01,n000149,9
0164_01,n000149,9
0165_01,n000149,9
0166_01,n000149,9
0168_01,n000149,9
0169_01,n000149,9
0170_01,n000149,9
0171_01,n000149,9
0172_01,n000149,9
0173_01,n000149,9
0174_01,n000149,9
0175_01,n000149,9
0176_01,n000149,9
0177_01,n000149,9
0178_02,n000149,9
0179_01,n000149,9
0180_01,n000149,9
0180_02,n000149,9
0180_03,n000149,9
0181_02,n000149,9
0182_01,n000149,9
0183_02,n000149,9
0184_01,n000149,9
0185_01,n000149,9
0186_01,n000149,9
0187_01,n000149,9
0188_01,n000149,9
0189_01,n000149,9
0190_01,n000149,9
0191_01,n000149,9
0192_01,n000149,9
0193_01,n000149,9
0194_01,n000149,9
0194_02,n000149,9
0195_01,n000149,9
0196_02,n000149,9
0197_01,n000149,9
0198_01,n000149,9
0199_01,n000149,9
0200_01,n000149,9
0201_01,n000149,9
0202_01,n000149,9
0203_01,n000149,9
0204_02,n000149,9
0205_01,n000149,9
0206_01,n000149,9
0207_01,n000149,9
0208_01,n000149,9
0209_02,n000149,9
0210_01,n000149,9
0211_02,n000149,9
0212_01,n000149,9
0213_01,n000149,9
0214_01,n000149,9
0215_03,n000149,9
0216_01,n000149,9
0217_01,n000149,9
0218_01,n000149,9
0219_01,n000149,9
0220_01,n000149,9
0221_01,n000149,9
0223_01,n000149,9
0225_01,n000149,9
0227_01,n000149,9
0228_01,n000149,9
0229_01,n000149,9
0230_01,n000149,9
0231_01,n000149,9
0232_01,n000149,9
0233_01,n000149,9
0234_01,n000149,9
0235_01,n000149,9
0236_01,n000149,9
0237_01,n000149,9
0238_01,n000149,9
0239_01,n000149,9
0240_01,n000149,9
0241_01,n000149,9
0243_01,n000149,9
0244_01,n000149,9
0246_01,n000149,9
0247_01,n000149,9
0248_01,n000149,9
0249_01,n000149,9
0250_01,n000149,9
0251_01,n000149,9
0252_01,n000149,9
0253_01,n000149,9
0254_01,n000149,9
0255_01,n000149,9
0256_01,n000149,9
0257_03,n000149,9
0258_01,n000149,9
0259_01,n000149,9
0260_01,n000149,9
0261_01,n000149,9
0261_02,n000149,9
0261_03,n000149,9
0262_01,n000149,9
0263_01,n000149,9
0264_01,n000149,9
0265_01,n000149,9
0266_01,n000149,9
0267_01,n000149,9
0268_02,n000149,9
0269_01,n000149,9
0270_01,n000149,9
0272_01,n000149,9
0273_01,n000149,9
0274_01,n000149,9
0275_02,n000149,9
0276_01,n000149,9
0276_02,n000149,9
0276_03,n000149,9
0277_01,n000149,9
0278_01,n000149,9
0279_01,n000149,9
0280_01,n000149,9
0281_01,n000149,9
0282_01,n000149,9
0283_01,n000149,9
0284_01,n000149,9
0284_03,n000149,9
0285_01,n000149,9
0286_01,n000149,9
0287_01,n000149,9
0289_01,n000149,9
0290_01,n000149,9
0291_01,n000149,9
0292_01,n000149,9
0293_01,n000149,9
0294_02,n000149,9
0294_07,n000149,9
0295_01,n000149,9
0297_01,n000149,9
0298_01,n000149,9
0299_01,n000149,9
0300_01,n000149,9
0301_01,n000149,9
0302_01,n000149,9
0303_01,n000149,9
0304_01,n000149,9
0305_01,n000149,9
0306_01,n000149,9
0307_01,n000149,9
0308_01,n000149,9
0309_01,n000149,9
0310_01,n000149,9
0312_01,n000149,9
0313_01,n000149,9
0314_01,n000149,9
0315_01,n000149,9
0316_01,n000149,9
0317_01,n000149,9
0318_01,n000149,9
0319_01,n000149,9
0320_01,n000149,9
0321_01,n000149,9
0322_01,n000149,9
0323_01,n000149,9
0324_01,n000149,9
0325_01,n000149,9
0326_01,n000149,9
0327_01,n000149,9
0328_01,n000149,9
0329_01,n000149,9
0330_01,n000149,9
0331_01,n000149,9
0332_01,n000149,9
0333_01,n000149,9
0334_01,n000149,9
0335_01,n000149,9
0335_02,n000149,9
0335_05,n000149,9
0336_02,n000149,9
0337_02,n000149,9
0338_02,n000149,9
0339_01,n000149,9
0340_01,n000149,9
0341_01,n000149,9
0342_01,n000149,9
0343_01,n000149,9
0345_01,n000149,9
0346_01,n000149,9
0347_04,n000149,9
0348_01,n000149,9
0349_02,n000149,9
0350_01,n000149,9
0351_01,n000149,9
0352_01,n000149,9
0354_01,n000149,9
0355_01,n000149,9
0356_01,n000149,9
0358_01,n000149,9
0359_01,n000149,9
0360_01,n000149,9
0361_01,n000149,9
0362_01,n000149,9
0363_01,n000149,9
0364_01,n000149,9
0365_01,n000149,9
0366_01,n000149,9
0369_01,n000149,9
0371_01,n000149,9
0372_01,n000149,9
0374_01,n000149,9
0376_03,n000149,9
0378_01,n000149,9
0379_01,n000149,9
0379_02,n000149,9
0379_04,n000149,9
0380_01,n000149,9
0381_01,n000149,9
0382_01,n000149,9
0383_01,n000149,9
0384_02,n000149,9
0385_01,n000149,9
0387_01,n000149,9
0389_01,n000149,9
0390_01,n000149,9
0391_01,n000149,9
0392_01,n000149,9
0393_01,n000149,9
0394_01,n000149,9
0395_03,n000149,9
0396_01,n000149,9
0398_02,n000149,9
0399_01,n000149,9
0400_01,n000149,9
0401_02,n000149,9
0402_01,n000149,9
0404_01,n000149,9
0405_01,n000149,9
0406_01,n000149,9
0407_01,n000149,9
0408_02,n000149,9
0409_01,n000149,9
0409_02,n000149,9
0411_01,n000149,9
0412_01,n000149,9
0415_01,n000149,9
0416_01,n000149,9
0418_01,n000149,9
0420_01,n000149,9
0421_01,n000149,9
0422_01,n000149,9
0424_01,n000149,9
0425_01,n000149,9
0427_03,n000149,9
0429_01,n000149,9
0430_02,n000149,9
0435_01,n000149,9
0436_01,n000149,9
0437_01,n000149,9
0438_03,n000149,9
0439_01,n000149,9
0440_01,n000149,9
0442_02,n000149,9
0443_01,n000149,9
0449_01,n000149,9
0460_01,n000149,9
0461_01,n000149,9
0462_01,n000149,9
0463_01,n000149,9
0464_01,n000149,9
0465_01,n000149,9
0466_01,n000149,9
0467_01,n000149,9
0468_01,n000149,9
0469_01,n000149,9
0470_01,n000149,9
0471_01,n000149,9
0472_01,n000149,9
0473_01,n000149,9
0474_01,n000149,9
0475_01,n000149,9
0476_01,n000149,9
0476_02,n000149,9
0477_01,n000149,9
0478_01,n000149,9
0479_02,n000149,9
0480_01,n000149,9
0481_02,n000149,9
0483_01,n000149,9
0484_01,n000149,9
0485_01,n000149,9
0486_01,n000149,9
0487_01,n000149,9
0487_02,n000149,9
0487_03,n000149,9
0488_01,n000149,9
0489_02,n000149,9
0489_03,n000149,9
0490_01,n000149,9
0491_01,n000149,9
0492_01,n000149,9
0493_01,n000149,9
0495_01,n000149,9
0496_01,n000149,9
0497_01,n000149,9
0499_01,n000149,9
0500_01,n000149,9
0501_01,n000149,9
0502_01,n000149,9
0504_01,n000149,9
0505_01,n000149,9
0505_05,n000149,9
0506_02,n000149,9
0507_01,n000149,9
0508_01,n000149,9
0509_01,n000149,9
0510_01,n000149,9
0511_01,n000149,9
0512_01,n000149,9
0513_14,n000149,9
0514_01,n000149,9
0514_02,n000149,9
0515_01,n000149,9
0516_01,n000149,9
0517_01,n000149,9
0518_01,n000149,9
0519_05,n000149,9
0522_01,n000149,9
0523_01,n000149,9
0525_01,n000149,9
0527_01,n000149,9
0529_02,n000149,9
0531_01,n000149,9
0532_01,n000149,9
0533_01,n000149,9
0535_01,n000149,9
0536_01,n000149,9
0537_01,n000149,9
0538_01,n000149,9
0539_01,n000149,9
0541_01,n000149,9
0541_03,n000149,9
0542_01,n000149,9
0543_01,n000149,9
0546_01,n000149,9
0547_01,n000149,9
0548_01,n000149,9
0549_01,n000149,9
